System Name,Instance Name,Entity Name,Attribute Name,Owner,Parent,Type,Description
ABS,LDM,Object,Object ID,,,, (ABS Field Type LDM Object)
ABS,LDM,Object,Alpha-numeric sort value,,,varchar2(4000),Alpha-numeric sort value (ABS Field Type Avaloq DDIC Text)
ABS,LDM,Object,Close Date,,,date,Closing date (ABS Field Type Avaloq DDIC Date)
ABS,LDM,Object,Open Date,,,date,Opening date (ABS Field Type Avaloq DDIC Date)
ABS,LDM,Person,Account,,,,Returns the target object of the relation. The target object is always a person. (ABS Field Type LDM Object)
ABS,LDM,Person,Person ID,,,, (ABS Field Type LDM Object)
ABS,LDM,Person,Involved Party Type,,,varchar2(2000), (ABS Field Type Avaloq Class)
ABS,LDM,Person,Involved Party Type Name,,,varchar2(4000), (ABS Field Type Avaloq DDIC Text)
ABS,LDM,Person,Person Key,,,varchar2(4000), (ABS Field Type Avaloq DDIC Text)
ABS,LDM,Person,Person External ID,,,, (ABS Field Type LDM Object)
ABS,LDM,Person,Person modification sequence number,,,pls_integer or number, (ABS Field Type Avaloq DDIC Number)
ABS,LDM,Person,Full Name,,,varchar2(4000), (ABS Field Type Avaloq DDIC Text)
ABS,LDM,Person,Full Name Auto,,,varchar2(1) or boolean,Full Name Auto Flag (ABS Field Type Avaloq DDIC Boolean)
ABS,LDM,Person,GCM ID,,,varchar2(4000), (ABS Field Type Avaloq DDIC Text)
ABS,LDM,Person,GCM ID Auto,,,varchar2(1) or boolean,GCM Identifier (ABS Field Type Avaloq DDIC Boolean)
ABS,LDM,Person,Person Type ID,,,, (ABS Field Type Avaloq Code Table)
ABS,LDM,Person,Person Type Name,,,, (ABS Field Type Avaloq Code Table)
ABS,LDM,Person,Has person an adviser job,,,varchar2(1) or boolean, (ABS Field Type Avaloq DDIC Boolean)
ABS,LDM,Person,Has person an adviser assistant job,,,varchar2(1) or boolean, (ABS Field Type Avaloq DDIC Boolean)
ABS,LDM,Person,Has person a para planner job,,,varchar2(1) or boolean, (ABS Field Type Avaloq DDIC Boolean)
ABS,LDM,Person,Person has TFN,,,varchar2(1) or boolean, (ABS Field Type Avaloq DDIC Boolean)
ABS,LDM,Person,Withholding Tax Exemption ID,,,, (ABS Field Type Avaloq Code Table)
ABS,LDM,Person,Withholding Tax Exemption Name,,,varchar2(4000), (ABS Field Type Avaloq DDIC Text)
ABS,LDM,Person,SAFI Device,,,varchar2(4000), (ABS Field Type Avaloq DDIC Text)
ABS,LDM,Person,Person Association Role ID,,,,Person Association Role (ABS Field Type Avaloq Code Table)
ABS,LDM,Person,Person Association Role Name,,,varchar2(4000), (ABS Field Type Avaloq DDIC Text)
ABS,LDM,Person,Client authority id over its account,,,,Legitimation (ABS Field Type Avaloq Code Table)
ABS,LDM,Person,Client authority name over its account,,,varchar2(4000), (ABS Field Type Avaloq DDIC Text)
ABS,LDM,Person,Is Member,,,varchar2(1) or boolean, (ABS Field Type Avaloq DDIC Boolean)
ABS,LDM,Person,Is Sharehold,,,varchar2(1) or boolean, (ABS Field Type Avaloq DDIC Boolean)
ABS,LDM,Person,Is Beneficiary,,,varchar2(1) or boolean, (ABS Field Type Avaloq DDIC Boolean)
ABS,LDM,Person,IDV Status ID,,,varchar2(2000), (ABS Field Type Avaloq Class)
ABS,LDM,Person,IDV Status Name,,,varchar2(4000), (ABS Field Type Avaloq DDIC Text)
ABS,LDM,Person,AML Status ID,,,varchar2(2000), (ABS Field Type Avaloq Class)
ABS,LDM,Person,AML Status Name,,,varchar2(4000), (ABS Field Type Avaloq DDIC Text)
ABS,LDM,Person,CIS Identifier,,,varchar2(4000),CIS Identifier (ABS Field Type Avaloq DDIC Text)
ABS,LDM,Person,Tax File Number,,,varchar2(4000), (ABS Field Type Avaloq DDIC Text)
ABS,LDM,Person,Country Tax ID,,,, (ABS Field Type LDM Object)
ABS,LDM,Person,Country Tax Name,,,varchar2(4000),Name (ABS Field Type Avaloq DDIC Text)
ABS,LDM,Person,Document List,,,, (ABS Field Type Avaloq Structured Addition)
ABS,LDM,Person,Document Detail,,,, (ABS Field Type Avaloq Structured Addition)
ABS,LDM,Person,Document ID,,,, (ABS Field Type LDM Object)
ABS,LDM,Person,Document Signature Date,,,date, (ABS Field Type Avaloq DDIC Date)
ABS,LDM,Person,Document Signature Valid Until,,,date, (ABS Field Type Avaloq DDIC Date)
ABS,LDM,Person,Document Issuer,,,varchar2(4000), (ABS Field Type Avaloq DDIC Text)
ABS,LDM,Person,Document Full Name,,,varchar2(4000), (ABS Field Type Avaloq DDIC Text)
ABS,LDM,Person,Document Identification Number,,,varchar2(4000), (ABS Field Type Avaloq DDIC Text)
ABS,LDM,Person,Document Comment,,,varchar2(4000), (ABS Field Type Avaloq DDIC Text)
ABS,LDM,Person,Document Type ID,,,, (ABS Field Type Avaloq Code Table)
ABS,LDM,Person,Document Type Name,,,varchar2(4000), (ABS Field Type Avaloq DDIC Text)
ABS,LDM,Person,Document Accredited English Translation ID,,,, (ABS Field Type Avaloq Code Table)
ABS,LDM,Person,Document Accredited English Translation Name,,,varchar2(4000), (ABS Field Type Avaloq DDIC Text)
ABS,LDM,Person,Document Public Document Type,,,varchar2(4000), (ABS Field Type Avaloq DDIC Text)
ABS,LDM,Person,Document State ID,,,, (ABS Field Type Avaloq Code Table)
ABS,LDM,Person,Document State Name,,,varchar2(4000), (ABS Field Type Avaloq DDIC Text)
ABS,LDM,Person,Document Country ID,,,, (ABS Field Type LDM Object)
ABS,LDM,Person,Document Country Name,,,, (ABS Field Type LDM Object)
ABS,LDM,Person,Document User,,,varchar2(4000), (ABS Field Type Avaloq DDIC Text)
ABS,LDM,Person,Document IP Address,,,varchar2(4000), (ABS Field Type Avaloq DDIC Text)
ABS,LDM,Person,Authorised Transaction Type,,,,Authorised Transaction Type (ABS Field Type Avaloq Code Table)
ABS,LDM,Person,Authorised Transaction Type name,,,varchar2(4000), (ABS Field Type Avaloq DDIC Text)
ABS,LDM,Person,Address ID,,,,Address type (ABS Field Type LDM Object)
ABS,LDM,Person,Australian Tax Person Relevant ID,,,, (ABS Field Type Avaloq Code Table)
ABS,LDM,Person,Australian Tax Person Relevant Name,,,varchar2(4000), (ABS Field Type Avaloq DDIC Text)
ABS,LDM,Person,Tax Address 1 ID,,,, (ABS Field Type LDM Object)
ABS,LDM,Person,Tax Address 1 Name,,,varchar2(4000),Last name (ABS Field Type Avaloq DDIC Text)
ABS,LDM,Person,Tax Address 2 ID,,,, (ABS Field Type LDM Object)
ABS,LDM,Person,Tax Address 2 Name,,,varchar2(4000),Last name (ABS Field Type Avaloq DDIC Text)
ABS,LDM,Person,Is Beneficial Owner,,,varchar2(1) or boolean, (ABS Field Type Avaloq DDIC Boolean)
ABS,LDM,Person,GCM Customer Number,,,varchar2(4000), (ABS Field Type Avaloq DDIC Text)
ABS,LDM,Person,Object ID,,,, (ABS Field Type LDM Object)
ABS,LDM,Person,Alpha-numeric sort value,,,varchar2(4000),Alpha-numeric sort value (ABS Field Type Avaloq DDIC Text)
ABS,LDM,Person,Close Date,,,date,Closing date (ABS Field Type Avaloq DDIC Date)
ABS,LDM,Person,Open Date,,,date,Opening date (ABS Field Type Avaloq DDIC Date)
ABS,LDM,Organizational Entity,Person Type ID,,,, (ABS Field Type Avaloq Code Table)
ABS,LDM,Organizational Entity,Job ID,,,, (ABS Field Type LDM Object)
ABS,LDM,Organizational Entity,Full Name Auto,,,varchar2(1) or boolean,Full Name Auto Flag (ABS Field Type Avaloq DDIC Boolean)
ABS,LDM,Organizational Entity,Organisational Entity,,,, (ABS Field Type LDM Object)
ABS,LDM,Organizational Entity,Organisational Entity Name,,,varchar2(4000), (ABS Field Type Avaloq DDIC Text)
ABS,LDM,Organizational Entity,Organisational Entity Key,,,varchar2(4000), (ABS Field Type Avaloq DDIC Text)
ABS,LDM,Organizational Entity,Organisational Entity EBI Key,,,varchar2(4000), (ABS Field Type Avaloq DDIC Text)
ABS,LDM,Organizational Entity,Organisational Entity Parent ID,,,, (ABS Field Type LDM Object)
ABS,LDM,Organizational Entity,Organisational Entity Parent Key,,,varchar2(4000), (ABS Field Type Avaloq DDIC Text)
ABS,LDM,Organizational Entity,Organisational Entity Parent EBI Key,,,varchar2(4000), (ABS Field Type Avaloq DDIC Text)
ABS,LDM,Organizational Entity,Organisational Entity Type ID,,,varchar2(2000), (ABS Field Type Avaloq Class)
ABS,LDM,Organizational Entity,Organisational Entity Type Name,,,varchar2(4000), (ABS Field Type Avaloq DDIC Text)
ABS,LDM,Organizational Entity,Organisational Entity GCM ID,,,varchar2(4000), (ABS Field Type Avaloq DDIC Text)
ABS,LDM,Organizational Entity,Organisational Entity Open Date,,,date, (ABS Field Type Avaloq DDIC Date)
ABS,LDM,Organizational Entity,Intermediary Entity Type ID,,,varchar2(2000), (ABS Field Type Avaloq Class)
ABS,LDM,Organizational Entity,Intermediary Entity Type Name,,,varchar2(2000), (ABS Field Type Avaloq Class)
ABS,LDM,Organizational Entity,Organisational Entity Status ID,,,, (ABS Field Type Avaloq Code Table)
ABS,LDM,Organizational Entity,Organisational Entity Status Name,,,varchar2(4000), (ABS Field Type Avaloq DDIC Text)
ABS,LDM,Organizational Entity,Party Channel ID,,,varchar2(2000), (ABS Field Type Avaloq Class)
ABS,LDM,Organizational Entity,Party Channel Name,,,varchar2(4000), (ABS Field Type Avaloq DDIC Text)
ABS,LDM,Organizational Entity,Distibution Channel ID,,,varchar2(2000), (ABS Field Type Avaloq Class)
ABS,LDM,Organizational Entity,Distibution Channel Name,,,varchar2(4000), (ABS Field Type Avaloq DDIC Text)
ABS,LDM,Organizational Entity,Planner ID,,,varchar2(4000), (ABS Field Type Avaloq DDIC Text)
ABS,LDM,Organizational Entity,WOUP,,,varchar2(4000),WOUP (ABS Field Type Avaloq DDIC Text)
ABS,LDM,Organizational Entity,Salary ID,,,varchar2(4000),Salary ID (ABS Field Type Avaloq DDIC Text)
ABS,LDM,Organizational Entity,Is Payable Party,,,varchar2(2000), (ABS Field Type Avaloq Class)
ABS,LDM,Organizational Entity,Is Payable Party name,,,varchar2(4000), (ABS Field Type Avaloq DDIC Text)
ABS,LDM,Organizational Entity,Is Silo ID,,,varchar2(2000), (ABS Field Type Avaloq Class)
ABS,LDM,Organizational Entity,Is Silo name,,,varchar2(4000), (ABS Field Type Avaloq DDIC Text)
ABS,LDM,Organizational Entity,Is Pay anyone Allowed ID,,,varchar2(2000), (ABS Field Type Avaloq Class)
ABS,LDM,Organizational Entity,Is Pay anyone Allowed Name,,,varchar2(4000), (ABS Field Type Avaloq DDIC Text)
ABS,LDM,Organizational Entity,Is Linked Accounts Allowed ID,,,varchar2(2000), (ABS Field Type Avaloq Class)
ABS,LDM,Organizational Entity,Is Linked Accounts Allowed Name,,,varchar2(4000), (ABS Field Type Avaloq DDIC Text)
ABS,LDM,Organizational Entity,Is Bpay Allowed ID,,,varchar2(2000), (ABS Field Type Avaloq Class)
ABS,LDM,Organizational Entity,Is Bpay Allowed Name,,,varchar2(4000), (ABS Field Type Avaloq DDIC Text)
ABS,LDM,Organizational Entity,Organisational Entity Funds Under Administration,,,pls_integer or number, (ABS Field Type Avaloq DDIC Number)
ABS,LDM,Organizational Entity,Organisational Entity Active Accounts,,,pls_integer or number, (ABS Field Type Avaloq DDIC Number)
ABS,LDM,Organizational Entity,Is License Advice Fee Activated,,,varchar2(1) or boolean, (ABS Field Type Avaloq DDIC Boolean)
ABS,LDM,Organizational Entity,Owner,,,, (ABS Field Type LDM Object)
ABS,LDM,Organizational Entity,Owner Key,,,varchar2(4000), (ABS Field Type Avaloq DDIC Text)
ABS,LDM,Organizational Entity,Owner Name,,,varchar2(4000), (ABS Field Type Avaloq DDIC Text)
ABS,LDM,Organizational Entity,Owner GCM ID,,,varchar2(4000), (ABS Field Type Avaloq DDIC Text)
ABS,LDM,Organizational Entity,Owner Open Date,,,date, (ABS Field Type Avaloq DDIC Date)
ABS,LDM,Organizational Entity,Person Type Name,,,, (ABS Field Type Avaloq Code Table)
ABS,LDM,Organizational Entity,Object ID,,,, (ABS Field Type LDM Object)
ABS,LDM,Organizational Entity,Open Date,,,date,Opening date (ABS Field Type Avaloq DDIC Date)
ABS,LDM,Organizational Entity,Close Date,,,date,Closing date (ABS Field Type Avaloq DDIC Date)
ABS,LDM,Organizational Entity,Alpha-numeric sort value,,,varchar2(4000),Alpha-numeric sort value (ABS Field Type Avaloq DDIC Text)
ABS,LDM,Organizational Entity,Account,,,,Returns the target object of the relation. The target object is always a person. (ABS Field Type LDM Object)
ABS,LDM,Organizational Entity,Person ID,,,, (ABS Field Type LDM Object)
ABS,LDM,Organizational Entity,Involved Party Type,,,varchar2(2000), (ABS Field Type Avaloq Class)
ABS,LDM,Organizational Entity,Involved Party Type Name,,,varchar2(4000), (ABS Field Type Avaloq DDIC Text)
ABS,LDM,Organizational Entity,Person Key,,,varchar2(4000), (ABS Field Type Avaloq DDIC Text)
ABS,LDM,Organizational Entity,Person External ID,,,, (ABS Field Type LDM Object)
ABS,LDM,Organizational Entity,Person modification sequence number,,,pls_integer or number, (ABS Field Type Avaloq DDIC Number)
ABS,LDM,Organizational Entity,Full Name,,,varchar2(4000), (ABS Field Type Avaloq DDIC Text)
ABS,LDM,Organizational Entity,Full Name Auto,,,varchar2(1) or boolean,Full Name Auto Flag (ABS Field Type Avaloq DDIC Boolean)
ABS,LDM,Organizational Entity,GCM ID,,,varchar2(4000), (ABS Field Type Avaloq DDIC Text)
ABS,LDM,Organizational Entity,GCM ID Auto,,,varchar2(1) or boolean,GCM Identifier (ABS Field Type Avaloq DDIC Boolean)
ABS,LDM,Organizational Entity,Person Type ID,,,, (ABS Field Type Avaloq Code Table)
ABS,LDM,Organizational Entity,Person Type Name,,,, (ABS Field Type Avaloq Code Table)
ABS,LDM,Organizational Entity,Has person an adviser job,,,varchar2(1) or boolean, (ABS Field Type Avaloq DDIC Boolean)
ABS,LDM,Organizational Entity,Has person an adviser assistant job,,,varchar2(1) or boolean, (ABS Field Type Avaloq DDIC Boolean)
ABS,LDM,Organizational Entity,Has person a para planner job,,,varchar2(1) or boolean, (ABS Field Type Avaloq DDIC Boolean)
ABS,LDM,Organizational Entity,Person has TFN,,,varchar2(1) or boolean, (ABS Field Type Avaloq DDIC Boolean)
ABS,LDM,Organizational Entity,Withholding Tax Exemption ID,,,, (ABS Field Type Avaloq Code Table)
ABS,LDM,Organizational Entity,Withholding Tax Exemption Name,,,varchar2(4000), (ABS Field Type Avaloq DDIC Text)
ABS,LDM,Organizational Entity,SAFI Device,,,varchar2(4000), (ABS Field Type Avaloq DDIC Text)
ABS,LDM,Organizational Entity,Person Association Role ID,,,,Person Association Role (ABS Field Type Avaloq Code Table)
ABS,LDM,Organizational Entity,Person Association Role Name,,,varchar2(4000), (ABS Field Type Avaloq DDIC Text)
ABS,LDM,Organizational Entity,Client authority id over its account,,,,Legitimation (ABS Field Type Avaloq Code Table)
ABS,LDM,Organizational Entity,Client authority name over its account,,,varchar2(4000), (ABS Field Type Avaloq DDIC Text)
ABS,LDM,Organizational Entity,Is Member,,,varchar2(1) or boolean, (ABS Field Type Avaloq DDIC Boolean)
ABS,LDM,Organizational Entity,Is Sharehold,,,varchar2(1) or boolean, (ABS Field Type Avaloq DDIC Boolean)
ABS,LDM,Organizational Entity,Is Beneficiary,,,varchar2(1) or boolean, (ABS Field Type Avaloq DDIC Boolean)
ABS,LDM,Organizational Entity,IDV Status ID,,,varchar2(2000), (ABS Field Type Avaloq Class)
ABS,LDM,Organizational Entity,IDV Status Name,,,varchar2(4000), (ABS Field Type Avaloq DDIC Text)
ABS,LDM,Organizational Entity,AML Status ID,,,varchar2(2000), (ABS Field Type Avaloq Class)
ABS,LDM,Organizational Entity,AML Status Name,,,varchar2(4000), (ABS Field Type Avaloq DDIC Text)
ABS,LDM,Organizational Entity,CIS Identifier,,,varchar2(4000),CIS Identifier (ABS Field Type Avaloq DDIC Text)
ABS,LDM,Organizational Entity,Tax File Number,,,varchar2(4000), (ABS Field Type Avaloq DDIC Text)
ABS,LDM,Organizational Entity,Country Tax ID,,,, (ABS Field Type LDM Object)
ABS,LDM,Organizational Entity,Country Tax Name,,,varchar2(4000),Name (ABS Field Type Avaloq DDIC Text)
ABS,LDM,Organizational Entity,Document List,,,, (ABS Field Type Avaloq Structured Addition)
ABS,LDM,Organizational Entity,Document Detail,,,, (ABS Field Type Avaloq Structured Addition)
ABS,LDM,Organizational Entity,Document ID,,,, (ABS Field Type LDM Object)
ABS,LDM,Organizational Entity,Document Signature Date,,,date, (ABS Field Type Avaloq DDIC Date)
ABS,LDM,Organizational Entity,Document Signature Valid Until,,,date, (ABS Field Type Avaloq DDIC Date)
ABS,LDM,Organizational Entity,Document Issuer,,,varchar2(4000), (ABS Field Type Avaloq DDIC Text)
ABS,LDM,Organizational Entity,Document Full Name,,,varchar2(4000), (ABS Field Type Avaloq DDIC Text)
ABS,LDM,Organizational Entity,Document Identification Number,,,varchar2(4000), (ABS Field Type Avaloq DDIC Text)
ABS,LDM,Organizational Entity,Document Comment,,,varchar2(4000), (ABS Field Type Avaloq DDIC Text)
ABS,LDM,Organizational Entity,Document Type ID,,,, (ABS Field Type Avaloq Code Table)
ABS,LDM,Organizational Entity,Document Type Name,,,varchar2(4000), (ABS Field Type Avaloq DDIC Text)
ABS,LDM,Organizational Entity,Document Accredited English Translation ID,,,, (ABS Field Type Avaloq Code Table)
ABS,LDM,Organizational Entity,Document Accredited English Translation Name,,,varchar2(4000), (ABS Field Type Avaloq DDIC Text)
ABS,LDM,Organizational Entity,Document Public Document Type,,,varchar2(4000), (ABS Field Type Avaloq DDIC Text)
ABS,LDM,Organizational Entity,Document State ID,,,, (ABS Field Type Avaloq Code Table)
ABS,LDM,Organizational Entity,Document State Name,,,varchar2(4000), (ABS Field Type Avaloq DDIC Text)
ABS,LDM,Organizational Entity,Document Country ID,,,, (ABS Field Type LDM Object)
ABS,LDM,Organizational Entity,Document Country Name,,,, (ABS Field Type LDM Object)
ABS,LDM,Organizational Entity,Document User,,,varchar2(4000), (ABS Field Type Avaloq DDIC Text)
ABS,LDM,Organizational Entity,Document IP Address,,,varchar2(4000), (ABS Field Type Avaloq DDIC Text)
ABS,LDM,Organizational Entity,Authorised Transaction Type,,,,Authorised Transaction Type (ABS Field Type Avaloq Code Table)
ABS,LDM,Organizational Entity,Authorised Transaction Type name,,,varchar2(4000), (ABS Field Type Avaloq DDIC Text)
ABS,LDM,Organizational Entity,Address ID,,,,Address type (ABS Field Type LDM Object)
ABS,LDM,Organizational Entity,Australian Tax Person Relevant ID,,,, (ABS Field Type Avaloq Code Table)
ABS,LDM,Organizational Entity,Australian Tax Person Relevant Name,,,varchar2(4000), (ABS Field Type Avaloq DDIC Text)
ABS,LDM,Organizational Entity,Tax Address 1 ID,,,, (ABS Field Type LDM Object)
ABS,LDM,Organizational Entity,Tax Address 1 Name,,,varchar2(4000),Last name (ABS Field Type Avaloq DDIC Text)
ABS,LDM,Organizational Entity,Tax Address 2 ID,,,, (ABS Field Type LDM Object)
ABS,LDM,Organizational Entity,Tax Address 2 Name,,,varchar2(4000),Last name (ABS Field Type Avaloq DDIC Text)
ABS,LDM,Organizational Entity,Is Beneficial Owner,,,varchar2(1) or boolean, (ABS Field Type Avaloq DDIC Boolean)
ABS,LDM,Organizational Entity,GCM Customer Number,,,varchar2(4000), (ABS Field Type Avaloq DDIC Text)
ABS,LDM,Intermediary Structure,Person Type ID,,,, (ABS Field Type Avaloq Code Table)
ABS,LDM,Intermediary Structure,Person Type Name,,,, (ABS Field Type Avaloq Code Table)
ABS,LDM,Intermediary Structure,Full Name Auto,,,varchar2(1) or boolean,Full Name Auto Flag (ABS Field Type Avaloq DDIC Boolean)
ABS,LDM,Intermediary Structure,Authority ID between Job and Organisational Entity,,,,Return OE relation role. (ABS Field Type Avaloq Code Table)
ABS,LDM,Intermediary Structure,Disbursement - Account number,,,varchar2(4000), (ABS Field Type Avaloq DDIC Text)
ABS,LDM,Intermediary Structure,Intermediary Entity Type,,,varchar2(2000), (ABS Field Type Avaloq Class)
ABS,LDM,Intermediary Structure,Intermediary Entity Type Name,,,varchar2(4000), (ABS Field Type Avaloq DDIC Text)
ABS,LDM,Intermediary Structure,Disbursement - Account name,,,varchar2(4000), (ABS Field Type Avaloq DDIC Text)
ABS,LDM,Intermediary Structure,Disbursement - BSB,,,varchar2(4000), (ABS Field Type Avaloq DDIC Text)
ABS,LDM,Intermediary Structure,Authority between Job and Organisational Entity,,,varchar2(4000), (ABS Field Type Avaloq DDIC Text)
ABS,LDM,Intermediary Structure,Object ID,,,, (ABS Field Type LDM Object)
ABS,LDM,Intermediary Structure,Open Date,,,date,Opening date (ABS Field Type Avaloq DDIC Date)
ABS,LDM,Intermediary Structure,Close Date,,,date,Closing date (ABS Field Type Avaloq DDIC Date)
ABS,LDM,Intermediary Structure,Alpha-numeric sort value,,,varchar2(4000),Alpha-numeric sort value (ABS Field Type Avaloq DDIC Text)
ABS,LDM,Intermediary Structure,Account,,,,Returns the target object of the relation. The target object is always a person. (ABS Field Type LDM Object)
ABS,LDM,Intermediary Structure,Person ID,,,, (ABS Field Type LDM Object)
ABS,LDM,Intermediary Structure,Involved Party Type,,,varchar2(2000), (ABS Field Type Avaloq Class)
ABS,LDM,Intermediary Structure,Involved Party Type Name,,,varchar2(4000), (ABS Field Type Avaloq DDIC Text)
ABS,LDM,Intermediary Structure,Person Key,,,varchar2(4000), (ABS Field Type Avaloq DDIC Text)
ABS,LDM,Intermediary Structure,Person External ID,,,, (ABS Field Type LDM Object)
ABS,LDM,Intermediary Structure,Person modification sequence number,,,pls_integer or number, (ABS Field Type Avaloq DDIC Number)
ABS,LDM,Intermediary Structure,Full Name,,,varchar2(4000), (ABS Field Type Avaloq DDIC Text)
ABS,LDM,Intermediary Structure,Full Name Auto,,,varchar2(1) or boolean,Full Name Auto Flag (ABS Field Type Avaloq DDIC Boolean)
ABS,LDM,Intermediary Structure,GCM ID,,,varchar2(4000), (ABS Field Type Avaloq DDIC Text)
ABS,LDM,Intermediary Structure,GCM ID Auto,,,varchar2(1) or boolean,GCM Identifier (ABS Field Type Avaloq DDIC Boolean)
ABS,LDM,Intermediary Structure,Person Type ID,,,, (ABS Field Type Avaloq Code Table)
ABS,LDM,Intermediary Structure,Person Type Name,,,, (ABS Field Type Avaloq Code Table)
ABS,LDM,Intermediary Structure,Has person an adviser job,,,varchar2(1) or boolean, (ABS Field Type Avaloq DDIC Boolean)
ABS,LDM,Intermediary Structure,Has person an adviser assistant job,,,varchar2(1) or boolean, (ABS Field Type Avaloq DDIC Boolean)
ABS,LDM,Intermediary Structure,Has person a para planner job,,,varchar2(1) or boolean, (ABS Field Type Avaloq DDIC Boolean)
ABS,LDM,Intermediary Structure,Person has TFN,,,varchar2(1) or boolean, (ABS Field Type Avaloq DDIC Boolean)
ABS,LDM,Intermediary Structure,Withholding Tax Exemption ID,,,, (ABS Field Type Avaloq Code Table)
ABS,LDM,Intermediary Structure,Withholding Tax Exemption Name,,,varchar2(4000), (ABS Field Type Avaloq DDIC Text)
ABS,LDM,Intermediary Structure,SAFI Device,,,varchar2(4000), (ABS Field Type Avaloq DDIC Text)
ABS,LDM,Intermediary Structure,Person Association Role ID,,,,Person Association Role (ABS Field Type Avaloq Code Table)
ABS,LDM,Intermediary Structure,Person Association Role Name,,,varchar2(4000), (ABS Field Type Avaloq DDIC Text)
ABS,LDM,Intermediary Structure,Client authority id over its account,,,,Legitimation (ABS Field Type Avaloq Code Table)
ABS,LDM,Intermediary Structure,Client authority name over its account,,,varchar2(4000), (ABS Field Type Avaloq DDIC Text)
ABS,LDM,Intermediary Structure,Is Member,,,varchar2(1) or boolean, (ABS Field Type Avaloq DDIC Boolean)
ABS,LDM,Intermediary Structure,Is Sharehold,,,varchar2(1) or boolean, (ABS Field Type Avaloq DDIC Boolean)
ABS,LDM,Intermediary Structure,Is Beneficiary,,,varchar2(1) or boolean, (ABS Field Type Avaloq DDIC Boolean)
ABS,LDM,Intermediary Structure,IDV Status ID,,,varchar2(2000), (ABS Field Type Avaloq Class)
ABS,LDM,Intermediary Structure,IDV Status Name,,,varchar2(4000), (ABS Field Type Avaloq DDIC Text)
ABS,LDM,Intermediary Structure,AML Status ID,,,varchar2(2000), (ABS Field Type Avaloq Class)
ABS,LDM,Intermediary Structure,AML Status Name,,,varchar2(4000), (ABS Field Type Avaloq DDIC Text)
ABS,LDM,Intermediary Structure,CIS Identifier,,,varchar2(4000),CIS Identifier (ABS Field Type Avaloq DDIC Text)
ABS,LDM,Intermediary Structure,Tax File Number,,,varchar2(4000), (ABS Field Type Avaloq DDIC Text)
ABS,LDM,Intermediary Structure,Country Tax ID,,,, (ABS Field Type LDM Object)
ABS,LDM,Intermediary Structure,Country Tax Name,,,varchar2(4000),Name (ABS Field Type Avaloq DDIC Text)
ABS,LDM,Intermediary Structure,Document List,,,, (ABS Field Type Avaloq Structured Addition)
ABS,LDM,Intermediary Structure,Document Detail,,,, (ABS Field Type Avaloq Structured Addition)
ABS,LDM,Intermediary Structure,Document ID,,,, (ABS Field Type LDM Object)
ABS,LDM,Intermediary Structure,Document Signature Date,,,date, (ABS Field Type Avaloq DDIC Date)
ABS,LDM,Intermediary Structure,Document Signature Valid Until,,,date, (ABS Field Type Avaloq DDIC Date)
ABS,LDM,Intermediary Structure,Document Issuer,,,varchar2(4000), (ABS Field Type Avaloq DDIC Text)
ABS,LDM,Intermediary Structure,Document Full Name,,,varchar2(4000), (ABS Field Type Avaloq DDIC Text)
ABS,LDM,Intermediary Structure,Document Identification Number,,,varchar2(4000), (ABS Field Type Avaloq DDIC Text)
ABS,LDM,Intermediary Structure,Document Comment,,,varchar2(4000), (ABS Field Type Avaloq DDIC Text)
ABS,LDM,Intermediary Structure,Document Type ID,,,, (ABS Field Type Avaloq Code Table)
ABS,LDM,Intermediary Structure,Document Type Name,,,varchar2(4000), (ABS Field Type Avaloq DDIC Text)
ABS,LDM,Intermediary Structure,Document Accredited English Translation ID,,,, (ABS Field Type Avaloq Code Table)
ABS,LDM,Intermediary Structure,Document Accredited English Translation Name,,,varchar2(4000), (ABS Field Type Avaloq DDIC Text)
ABS,LDM,Intermediary Structure,Document Public Document Type,,,varchar2(4000), (ABS Field Type Avaloq DDIC Text)
ABS,LDM,Intermediary Structure,Document State ID,,,, (ABS Field Type Avaloq Code Table)
ABS,LDM,Intermediary Structure,Document State Name,,,varchar2(4000), (ABS Field Type Avaloq DDIC Text)
ABS,LDM,Intermediary Structure,Document Country ID,,,, (ABS Field Type LDM Object)
ABS,LDM,Intermediary Structure,Document Country Name,,,, (ABS Field Type LDM Object)
ABS,LDM,Intermediary Structure,Document User,,,varchar2(4000), (ABS Field Type Avaloq DDIC Text)
ABS,LDM,Intermediary Structure,Document IP Address,,,varchar2(4000), (ABS Field Type Avaloq DDIC Text)
ABS,LDM,Intermediary Structure,Authorised Transaction Type,,,,Authorised Transaction Type (ABS Field Type Avaloq Code Table)
ABS,LDM,Intermediary Structure,Authorised Transaction Type name,,,varchar2(4000), (ABS Field Type Avaloq DDIC Text)
ABS,LDM,Intermediary Structure,Address ID,,,,Address type (ABS Field Type LDM Object)
ABS,LDM,Intermediary Structure,Australian Tax Person Relevant ID,,,, (ABS Field Type Avaloq Code Table)
ABS,LDM,Intermediary Structure,Australian Tax Person Relevant Name,,,varchar2(4000), (ABS Field Type Avaloq DDIC Text)
ABS,LDM,Intermediary Structure,Tax Address 1 ID,,,, (ABS Field Type LDM Object)
ABS,LDM,Intermediary Structure,Tax Address 1 Name,,,varchar2(4000),Last name (ABS Field Type Avaloq DDIC Text)
ABS,LDM,Intermediary Structure,Tax Address 2 ID,,,, (ABS Field Type LDM Object)
ABS,LDM,Intermediary Structure,Tax Address 2 Name,,,varchar2(4000),Last name (ABS Field Type Avaloq DDIC Text)
ABS,LDM,Intermediary Structure,Person Type ID,,,, (ABS Field Type Avaloq Code Table)
ABS,LDM,Intermediary Structure,Person Type Name,,,, (ABS Field Type Avaloq Code Table)
ABS,LDM,Intermediary Structure,Organisational Entity,,,, (ABS Field Type LDM Object)
ABS,LDM,Intermediary Structure,Organisational Entity Name,,,varchar2(4000), (ABS Field Type Avaloq DDIC Text)
ABS,LDM,Intermediary Structure,Organisational Entity Key,,,varchar2(4000), (ABS Field Type Avaloq DDIC Text)
ABS,LDM,Intermediary Structure,Organisational Entity EBI Key,,,varchar2(4000), (ABS Field Type Avaloq DDIC Text)
ABS,LDM,Intermediary Structure,Organisational Entity Parent ID,,,, (ABS Field Type LDM Object)
ABS,LDM,Intermediary Structure,Organisational Entity Parent Key,,,varchar2(4000), (ABS Field Type Avaloq DDIC Text)
ABS,LDM,Intermediary Structure,Organisational Entity Parent EBI Key,,,varchar2(4000), (ABS Field Type Avaloq DDIC Text)
ABS,LDM,Intermediary Structure,Organisational Entity Type ID,,,varchar2(2000), (ABS Field Type Avaloq Class)
ABS,LDM,Intermediary Structure,Organisational Entity Type Name,,,varchar2(4000), (ABS Field Type Avaloq DDIC Text)
ABS,LDM,Intermediary Structure,Organisational Entity GCM ID,,,varchar2(4000), (ABS Field Type Avaloq DDIC Text)
ABS,LDM,Intermediary Structure,Organisational Entity Open Date,,,date, (ABS Field Type Avaloq DDIC Date)
ABS,LDM,Intermediary Structure,Intermediary Entity Type ID,,,varchar2(2000), (ABS Field Type Avaloq Class)
ABS,LDM,Intermediary Structure,Intermediary Entity Type Name,,,varchar2(2000), (ABS Field Type Avaloq Class)
ABS,LDM,Intermediary Structure,Organisational Entity Status ID,,,, (ABS Field Type Avaloq Code Table)
ABS,LDM,Intermediary Structure,Organisational Entity Status Name,,,varchar2(4000), (ABS Field Type Avaloq DDIC Text)
ABS,LDM,Intermediary Structure,Party Channel ID,,,varchar2(2000), (ABS Field Type Avaloq Class)
ABS,LDM,Intermediary Structure,Party Channel Name,,,varchar2(4000), (ABS Field Type Avaloq DDIC Text)
ABS,LDM,Intermediary Structure,Distibution Channel ID,,,varchar2(2000), (ABS Field Type Avaloq Class)
ABS,LDM,Intermediary Structure,Distibution Channel Name,,,varchar2(4000), (ABS Field Type Avaloq DDIC Text)
ABS,LDM,Intermediary Structure,Planner ID,,,varchar2(4000), (ABS Field Type Avaloq DDIC Text)
ABS,LDM,Intermediary Structure,WOUP,,,varchar2(4000),WOUP (ABS Field Type Avaloq DDIC Text)
ABS,LDM,Intermediary Structure,Salary ID,,,varchar2(4000),Salary ID (ABS Field Type Avaloq DDIC Text)
ABS,LDM,Intermediary Structure,Is Payable Party,,,varchar2(2000), (ABS Field Type Avaloq Class)
ABS,LDM,Intermediary Structure,Is Payable Party name,,,varchar2(4000), (ABS Field Type Avaloq DDIC Text)
ABS,LDM,Intermediary Structure,Is Silo ID,,,varchar2(2000), (ABS Field Type Avaloq Class)
ABS,LDM,Intermediary Structure,Is Silo name,,,varchar2(4000), (ABS Field Type Avaloq DDIC Text)
ABS,LDM,Intermediary Structure,Is Pay anyone Allowed ID,,,varchar2(2000), (ABS Field Type Avaloq Class)
ABS,LDM,Intermediary Structure,Is Pay anyone Allowed Name,,,varchar2(4000), (ABS Field Type Avaloq DDIC Text)
ABS,LDM,Intermediary Structure,Is Linked Accounts Allowed ID,,,varchar2(2000), (ABS Field Type Avaloq Class)
ABS,LDM,Intermediary Structure,Is Linked Accounts Allowed Name,,,varchar2(4000), (ABS Field Type Avaloq DDIC Text)
ABS,LDM,Intermediary Structure,Is Bpay Allowed ID,,,varchar2(2000), (ABS Field Type Avaloq Class)
ABS,LDM,Intermediary Structure,Is Bpay Allowed Name,,,varchar2(4000), (ABS Field Type Avaloq DDIC Text)
ABS,LDM,Intermediary Structure,Organisational Entity Funds Under Administration,,,pls_integer or number, (ABS Field Type Avaloq DDIC Number)
ABS,LDM,Intermediary Structure,Organisational Entity Active Accounts,,,pls_integer or number, (ABS Field Type Avaloq DDIC Number)
ABS,LDM,Intermediary Structure,Is License Advice Fee Activated,,,varchar2(1) or boolean, (ABS Field Type Avaloq DDIC Boolean)
ABS,LDM,Intermediary Structure,Owner,,,, (ABS Field Type LDM Object)
ABS,LDM,Intermediary Structure,Owner Key,,,varchar2(4000), (ABS Field Type Avaloq DDIC Text)
ABS,LDM,Intermediary Structure,Owner Name,,,varchar2(4000), (ABS Field Type Avaloq DDIC Text)
ABS,LDM,Intermediary Structure,Owner GCM ID,,,varchar2(4000), (ABS Field Type Avaloq DDIC Text)
ABS,LDM,Intermediary Structure,Owner Open Date,,,date, (ABS Field Type Avaloq DDIC Date)
ABS,LDM,Intermediary Structure,Job ID,,,, (ABS Field Type LDM Object)
ABS,LDM,Intermediary Structure,Is Beneficial Owner,,,varchar2(1) or boolean, (ABS Field Type Avaloq DDIC Boolean)
ABS,LDM,Intermediary Structure,GCM Customer Number,,,varchar2(4000), (ABS Field Type Avaloq DDIC Text)
ABS,LDM,Issuer Entity,Object ID,,,, (ABS Field Type LDM Object)
ABS,LDM,Issuer Entity,Open Date,,,date,Opening date (ABS Field Type Avaloq DDIC Date)
ABS,LDM,Issuer Entity,Close Date,,,date,Closing date (ABS Field Type Avaloq DDIC Date)
ABS,LDM,Issuer Entity,Alpha-numeric sort value,,,varchar2(4000),Alpha-numeric sort value (ABS Field Type Avaloq DDIC Text)
ABS,LDM,Issuer Entity,Account,,,,Returns the target object of the relation. The target object is always a person. (ABS Field Type LDM Object)
ABS,LDM,Issuer Entity,Person ID,,,, (ABS Field Type LDM Object)
ABS,LDM,Issuer Entity,Involved Party Type,,,varchar2(2000), (ABS Field Type Avaloq Class)
ABS,LDM,Issuer Entity,Involved Party Type Name,,,varchar2(4000), (ABS Field Type Avaloq DDIC Text)
ABS,LDM,Issuer Entity,Person Key,,,varchar2(4000), (ABS Field Type Avaloq DDIC Text)
ABS,LDM,Issuer Entity,Person External ID,,,, (ABS Field Type LDM Object)
ABS,LDM,Issuer Entity,Person modification sequence number,,,pls_integer or number, (ABS Field Type Avaloq DDIC Number)
ABS,LDM,Issuer Entity,Full Name,,,varchar2(4000), (ABS Field Type Avaloq DDIC Text)
ABS,LDM,Issuer Entity,Full Name Auto,,,varchar2(1) or boolean,Full Name Auto Flag (ABS Field Type Avaloq DDIC Boolean)
ABS,LDM,Issuer Entity,GCM ID,,,varchar2(4000), (ABS Field Type Avaloq DDIC Text)
ABS,LDM,Issuer Entity,GCM ID Auto,,,varchar2(1) or boolean,GCM Identifier (ABS Field Type Avaloq DDIC Boolean)
ABS,LDM,Issuer Entity,Person Type ID,,,, (ABS Field Type Avaloq Code Table)
ABS,LDM,Issuer Entity,Person Type Name,,,, (ABS Field Type Avaloq Code Table)
ABS,LDM,Issuer Entity,Has person an adviser job,,,varchar2(1) or boolean, (ABS Field Type Avaloq DDIC Boolean)
ABS,LDM,Issuer Entity,Person Type ID,,,, (ABS Field Type Avaloq Code Table)
ABS,LDM,Issuer Entity,Person Type Name,,,, (ABS Field Type Avaloq Code Table)
ABS,LDM,Issuer Entity,Has person an adviser assistant job,,,varchar2(1) or boolean, (ABS Field Type Avaloq DDIC Boolean)
ABS,LDM,Issuer Entity,Full Name Auto,,,varchar2(1) or boolean,Full Name Auto Flag (ABS Field Type Avaloq DDIC Boolean)
ABS,LDM,Issuer Entity,Has person a para planner job,,,varchar2(1) or boolean, (ABS Field Type Avaloq DDIC Boolean)
ABS,LDM,Issuer Entity,Authority ID between Job and Organisational Entity,,,,Return OE relation role. (ABS Field Type Avaloq Code Table)
ABS,LDM,Issuer Entity,Person has TFN,,,varchar2(1) or boolean, (ABS Field Type Avaloq DDIC Boolean)
ABS,LDM,Issuer Entity,Withholding Tax Exemption ID,,,, (ABS Field Type Avaloq Code Table)
ABS,LDM,Issuer Entity,Authority between Job and Organisational Entity,,,varchar2(4000), (ABS Field Type Avaloq DDIC Text)
ABS,LDM,Issuer Entity,Withholding Tax Exemption Name,,,varchar2(4000), (ABS Field Type Avaloq DDIC Text)
ABS,LDM,Issuer Entity,Intermediary Entity Type,,,varchar2(2000), (ABS Field Type Avaloq Class)
ABS,LDM,Issuer Entity,Intermediary Entity Type Name,,,varchar2(4000), (ABS Field Type Avaloq DDIC Text)
ABS,LDM,Issuer Entity,SAFI Device,,,varchar2(4000), (ABS Field Type Avaloq DDIC Text)
ABS,LDM,Issuer Entity,Disbursement - Account name,,,varchar2(4000), (ABS Field Type Avaloq DDIC Text)
ABS,LDM,Issuer Entity,Person Association Role ID,,,,Person Association Role (ABS Field Type Avaloq Code Table)
ABS,LDM,Issuer Entity,Person Association Role Name,,,varchar2(4000), (ABS Field Type Avaloq DDIC Text)
ABS,LDM,Issuer Entity,Disbursement - BSB,,,varchar2(4000), (ABS Field Type Avaloq DDIC Text)
ABS,LDM,Issuer Entity,Disbursement - Account number,,,varchar2(4000), (ABS Field Type Avaloq DDIC Text)
ABS,LDM,Issuer Entity,Client authority id over its account,,,,Legitimation (ABS Field Type Avaloq Code Table)
ABS,LDM,Issuer Entity,Client authority name over its account,,,varchar2(4000), (ABS Field Type Avaloq DDIC Text)
ABS,LDM,Issuer Entity,Is Member,,,varchar2(1) or boolean, (ABS Field Type Avaloq DDIC Boolean)
ABS,LDM,Issuer Entity,Is Sharehold,,,varchar2(1) or boolean, (ABS Field Type Avaloq DDIC Boolean)
ABS,LDM,Issuer Entity,Is Beneficiary,,,varchar2(1) or boolean, (ABS Field Type Avaloq DDIC Boolean)
ABS,LDM,Issuer Entity,IDV Status ID,,,varchar2(2000), (ABS Field Type Avaloq Class)
ABS,LDM,Issuer Entity,IDV Status Name,,,varchar2(4000), (ABS Field Type Avaloq DDIC Text)
ABS,LDM,Issuer Entity,AML Status ID,,,varchar2(2000), (ABS Field Type Avaloq Class)
ABS,LDM,Issuer Entity,AML Status Name,,,varchar2(4000), (ABS Field Type Avaloq DDIC Text)
ABS,LDM,Issuer Entity,CIS Identifier,,,varchar2(4000),CIS Identifier (ABS Field Type Avaloq DDIC Text)
ABS,LDM,Issuer Entity,Tax File Number,,,varchar2(4000), (ABS Field Type Avaloq DDIC Text)
ABS,LDM,Issuer Entity,Country Tax ID,,,, (ABS Field Type LDM Object)
ABS,LDM,Issuer Entity,Country Tax Name,,,varchar2(4000),Name (ABS Field Type Avaloq DDIC Text)
ABS,LDM,Issuer Entity,Document List,,,, (ABS Field Type Avaloq Structured Addition)
ABS,LDM,Issuer Entity,Document Detail,,,, (ABS Field Type Avaloq Structured Addition)
ABS,LDM,Issuer Entity,Document ID,,,, (ABS Field Type LDM Object)
ABS,LDM,Issuer Entity,Document Signature Date,,,date, (ABS Field Type Avaloq DDIC Date)
ABS,LDM,Issuer Entity,Document Signature Valid Until,,,date, (ABS Field Type Avaloq DDIC Date)
ABS,LDM,Issuer Entity,Document Issuer,,,varchar2(4000), (ABS Field Type Avaloq DDIC Text)
ABS,LDM,Issuer Entity,Document Full Name,,,varchar2(4000), (ABS Field Type Avaloq DDIC Text)
ABS,LDM,Issuer Entity,Document Identification Number,,,varchar2(4000), (ABS Field Type Avaloq DDIC Text)
ABS,LDM,Issuer Entity,Document Comment,,,varchar2(4000), (ABS Field Type Avaloq DDIC Text)
ABS,LDM,Issuer Entity,Document Type ID,,,, (ABS Field Type Avaloq Code Table)
ABS,LDM,Issuer Entity,Document Type Name,,,varchar2(4000), (ABS Field Type Avaloq DDIC Text)
ABS,LDM,Issuer Entity,Document Accredited English Translation ID,,,, (ABS Field Type Avaloq Code Table)
ABS,LDM,Issuer Entity,Document Accredited English Translation Name,,,varchar2(4000), (ABS Field Type Avaloq DDIC Text)
ABS,LDM,Issuer Entity,Document Public Document Type,,,varchar2(4000), (ABS Field Type Avaloq DDIC Text)
ABS,LDM,Issuer Entity,Document State ID,,,, (ABS Field Type Avaloq Code Table)
ABS,LDM,Issuer Entity,Document State Name,,,varchar2(4000), (ABS Field Type Avaloq DDIC Text)
ABS,LDM,Issuer Entity,Document Country ID,,,, (ABS Field Type LDM Object)
ABS,LDM,Issuer Entity,Document Country Name,,,, (ABS Field Type LDM Object)
ABS,LDM,Issuer Entity,Document User,,,varchar2(4000), (ABS Field Type Avaloq DDIC Text)
ABS,LDM,Issuer Entity,Document IP Address,,,varchar2(4000), (ABS Field Type Avaloq DDIC Text)
ABS,LDM,Issuer Entity,Authorised Transaction Type,,,,Authorised Transaction Type (ABS Field Type Avaloq Code Table)
ABS,LDM,Issuer Entity,Authorised Transaction Type name,,,varchar2(4000), (ABS Field Type Avaloq DDIC Text)
ABS,LDM,Issuer Entity,Address ID,,,,Address type (ABS Field Type LDM Object)
ABS,LDM,Issuer Entity,Australian Tax Person Relevant ID,,,, (ABS Field Type Avaloq Code Table)
ABS,LDM,Issuer Entity,Australian Tax Person Relevant Name,,,varchar2(4000), (ABS Field Type Avaloq DDIC Text)
ABS,LDM,Issuer Entity,Tax Address 1 ID,,,, (ABS Field Type LDM Object)
ABS,LDM,Issuer Entity,Tax Address 1 Name,,,varchar2(4000),Last name (ABS Field Type Avaloq DDIC Text)
ABS,LDM,Issuer Entity,Tax Address 2 ID,,,, (ABS Field Type LDM Object)
ABS,LDM,Issuer Entity,Tax Address 2 Name,,,varchar2(4000),Last name (ABS Field Type Avaloq DDIC Text)
ABS,LDM,Issuer Entity,Person Type ID,,,, (ABS Field Type Avaloq Code Table)
ABS,LDM,Issuer Entity,Person Type Name,,,, (ABS Field Type Avaloq Code Table)
ABS,LDM,Issuer Entity,Organisational Entity,,,, (ABS Field Type LDM Object)
ABS,LDM,Issuer Entity,Organisational Entity Name,,,varchar2(4000), (ABS Field Type Avaloq DDIC Text)
ABS,LDM,Issuer Entity,Organisational Entity Key,,,varchar2(4000), (ABS Field Type Avaloq DDIC Text)
ABS,LDM,Issuer Entity,Organisational Entity EBI Key,,,varchar2(4000), (ABS Field Type Avaloq DDIC Text)
ABS,LDM,Issuer Entity,Organisational Entity Parent ID,,,, (ABS Field Type LDM Object)
ABS,LDM,Issuer Entity,Organisational Entity Parent Key,,,varchar2(4000), (ABS Field Type Avaloq DDIC Text)
ABS,LDM,Issuer Entity,Organisational Entity Parent EBI Key,,,varchar2(4000), (ABS Field Type Avaloq DDIC Text)
ABS,LDM,Issuer Entity,Organisational Entity Type ID,,,varchar2(2000), (ABS Field Type Avaloq Class)
ABS,LDM,Issuer Entity,Organisational Entity Type Name,,,varchar2(4000), (ABS Field Type Avaloq DDIC Text)
ABS,LDM,Issuer Entity,Organisational Entity GCM ID,,,varchar2(4000), (ABS Field Type Avaloq DDIC Text)
ABS,LDM,Issuer Entity,Organisational Entity Open Date,,,date, (ABS Field Type Avaloq DDIC Date)
ABS,LDM,Issuer Entity,Intermediary Entity Type ID,,,varchar2(2000), (ABS Field Type Avaloq Class)
ABS,LDM,Issuer Entity,Intermediary Entity Type Name,,,varchar2(2000), (ABS Field Type Avaloq Class)
ABS,LDM,Issuer Entity,Organisational Entity Status ID,,,, (ABS Field Type Avaloq Code Table)
ABS,LDM,Issuer Entity,Organisational Entity Status Name,,,varchar2(4000), (ABS Field Type Avaloq DDIC Text)
ABS,LDM,Issuer Entity,Party Channel ID,,,varchar2(2000), (ABS Field Type Avaloq Class)
ABS,LDM,Issuer Entity,Party Channel Name,,,varchar2(4000), (ABS Field Type Avaloq DDIC Text)
ABS,LDM,Issuer Entity,Distibution Channel ID,,,varchar2(2000), (ABS Field Type Avaloq Class)
ABS,LDM,Issuer Entity,Distibution Channel Name,,,varchar2(4000), (ABS Field Type Avaloq DDIC Text)
ABS,LDM,Issuer Entity,Planner ID,,,varchar2(4000), (ABS Field Type Avaloq DDIC Text)
ABS,LDM,Issuer Entity,WOUP,,,varchar2(4000),WOUP (ABS Field Type Avaloq DDIC Text)
ABS,LDM,Issuer Entity,Salary ID,,,varchar2(4000),Salary ID (ABS Field Type Avaloq DDIC Text)
ABS,LDM,Issuer Entity,Is Payable Party,,,varchar2(2000), (ABS Field Type Avaloq Class)
ABS,LDM,Issuer Entity,Is Payable Party name,,,varchar2(4000), (ABS Field Type Avaloq DDIC Text)
ABS,LDM,Issuer Entity,Is Silo ID,,,varchar2(2000), (ABS Field Type Avaloq Class)
ABS,LDM,Issuer Entity,Is Silo name,,,varchar2(4000), (ABS Field Type Avaloq DDIC Text)
ABS,LDM,Issuer Entity,Is Pay anyone Allowed ID,,,varchar2(2000), (ABS Field Type Avaloq Class)
ABS,LDM,Issuer Entity,Is Pay anyone Allowed Name,,,varchar2(4000), (ABS Field Type Avaloq DDIC Text)
ABS,LDM,Issuer Entity,Is Linked Accounts Allowed ID,,,varchar2(2000), (ABS Field Type Avaloq Class)
ABS,LDM,Issuer Entity,Is Linked Accounts Allowed Name,,,varchar2(4000), (ABS Field Type Avaloq DDIC Text)
ABS,LDM,Issuer Entity,Is Bpay Allowed ID,,,varchar2(2000), (ABS Field Type Avaloq Class)
ABS,LDM,Issuer Entity,Is Bpay Allowed Name,,,varchar2(4000), (ABS Field Type Avaloq DDIC Text)
ABS,LDM,Issuer Entity,Organisational Entity Funds Under Administration,,,pls_integer or number, (ABS Field Type Avaloq DDIC Number)
ABS,LDM,Issuer Entity,Organisational Entity Active Accounts,,,pls_integer or number, (ABS Field Type Avaloq DDIC Number)
ABS,LDM,Issuer Entity,Is License Advice Fee Activated,,,varchar2(1) or boolean, (ABS Field Type Avaloq DDIC Boolean)
ABS,LDM,Issuer Entity,Owner,,,, (ABS Field Type LDM Object)
ABS,LDM,Issuer Entity,Owner Key,,,varchar2(4000), (ABS Field Type Avaloq DDIC Text)
ABS,LDM,Issuer Entity,Owner Name,,,varchar2(4000), (ABS Field Type Avaloq DDIC Text)
ABS,LDM,Issuer Entity,Owner GCM ID,,,varchar2(4000), (ABS Field Type Avaloq DDIC Text)
ABS,LDM,Issuer Entity,Owner Open Date,,,date, (ABS Field Type Avaloq DDIC Date)
ABS,LDM,Issuer Entity,Job ID,,,, (ABS Field Type LDM Object)
ABS,LDM,Issuer Entity,Is Beneficial Owner,,,varchar2(1) or boolean, (ABS Field Type Avaloq DDIC Boolean)
ABS,LDM,Issuer Entity,GCM Customer Number,,,varchar2(4000), (ABS Field Type Avaloq DDIC Text)
ABS,LDM,Super Dealer Group,Object ID,,,, (ABS Field Type LDM Object)
ABS,LDM,Super Dealer Group,Open Date,,,date,Opening date (ABS Field Type Avaloq DDIC Date)
ABS,LDM,Super Dealer Group,Close Date,,,date,Closing date (ABS Field Type Avaloq DDIC Date)
ABS,LDM,Super Dealer Group,Alpha-numeric sort value,,,varchar2(4000),Alpha-numeric sort value (ABS Field Type Avaloq DDIC Text)
ABS,LDM,Super Dealer Group,Account,,,,Returns the target object of the relation. The target object is always a person. (ABS Field Type LDM Object)
ABS,LDM,Super Dealer Group,Person ID,,,, (ABS Field Type LDM Object)
ABS,LDM,Super Dealer Group,Involved Party Type,,,varchar2(2000), (ABS Field Type Avaloq Class)
ABS,LDM,Super Dealer Group,Involved Party Type Name,,,varchar2(4000), (ABS Field Type Avaloq DDIC Text)
ABS,LDM,Super Dealer Group,Person Key,,,varchar2(4000), (ABS Field Type Avaloq DDIC Text)
ABS,LDM,Super Dealer Group,Person External ID,,,, (ABS Field Type LDM Object)
ABS,LDM,Super Dealer Group,Person modification sequence number,,,pls_integer or number, (ABS Field Type Avaloq DDIC Number)
ABS,LDM,Super Dealer Group,Full Name,,,varchar2(4000), (ABS Field Type Avaloq DDIC Text)
ABS,LDM,Super Dealer Group,Full Name Auto,,,varchar2(1) or boolean,Full Name Auto Flag (ABS Field Type Avaloq DDIC Boolean)
ABS,LDM,Super Dealer Group,GCM ID,,,varchar2(4000), (ABS Field Type Avaloq DDIC Text)
ABS,LDM,Super Dealer Group,GCM ID Auto,,,varchar2(1) or boolean,GCM Identifier (ABS Field Type Avaloq DDIC Boolean)
ABS,LDM,Super Dealer Group,Person Type ID,,,, (ABS Field Type Avaloq Code Table)
ABS,LDM,Super Dealer Group,Person Type Name,,,, (ABS Field Type Avaloq Code Table)
ABS,LDM,Super Dealer Group,Has person an adviser job,,,varchar2(1) or boolean, (ABS Field Type Avaloq DDIC Boolean)
ABS,LDM,Super Dealer Group,Person Type ID,,,, (ABS Field Type Avaloq Code Table)
ABS,LDM,Super Dealer Group,Person Type Name,,,, (ABS Field Type Avaloq Code Table)
ABS,LDM,Super Dealer Group,Has person an adviser assistant job,,,varchar2(1) or boolean, (ABS Field Type Avaloq DDIC Boolean)
ABS,LDM,Super Dealer Group,Full Name Auto,,,varchar2(1) or boolean,Full Name Auto Flag (ABS Field Type Avaloq DDIC Boolean)
ABS,LDM,Super Dealer Group,Has person a para planner job,,,varchar2(1) or boolean, (ABS Field Type Avaloq DDIC Boolean)
ABS,LDM,Super Dealer Group,Authority ID between Job and Organisational Entity,,,,Return OE relation role. (ABS Field Type Avaloq Code Table)
ABS,LDM,Super Dealer Group,Person has TFN,,,varchar2(1) or boolean, (ABS Field Type Avaloq DDIC Boolean)
ABS,LDM,Super Dealer Group,Withholding Tax Exemption ID,,,, (ABS Field Type Avaloq Code Table)
ABS,LDM,Super Dealer Group,Authority between Job and Organisational Entity,,,varchar2(4000), (ABS Field Type Avaloq DDIC Text)
ABS,LDM,Super Dealer Group,Withholding Tax Exemption Name,,,varchar2(4000), (ABS Field Type Avaloq DDIC Text)
ABS,LDM,Super Dealer Group,Intermediary Entity Type,,,varchar2(2000), (ABS Field Type Avaloq Class)
ABS,LDM,Super Dealer Group,Intermediary Entity Type Name,,,varchar2(4000), (ABS Field Type Avaloq DDIC Text)
ABS,LDM,Super Dealer Group,SAFI Device,,,varchar2(4000), (ABS Field Type Avaloq DDIC Text)
ABS,LDM,Super Dealer Group,Disbursement - Account name,,,varchar2(4000), (ABS Field Type Avaloq DDIC Text)
ABS,LDM,Super Dealer Group,Person Association Role ID,,,,Person Association Role (ABS Field Type Avaloq Code Table)
ABS,LDM,Super Dealer Group,Person Association Role Name,,,varchar2(4000), (ABS Field Type Avaloq DDIC Text)
ABS,LDM,Super Dealer Group,Disbursement - BSB,,,varchar2(4000), (ABS Field Type Avaloq DDIC Text)
ABS,LDM,Super Dealer Group,Disbursement - Account number,,,varchar2(4000), (ABS Field Type Avaloq DDIC Text)
ABS,LDM,Super Dealer Group,Client authority id over its account,,,,Legitimation (ABS Field Type Avaloq Code Table)
ABS,LDM,Super Dealer Group,Client authority name over its account,,,varchar2(4000), (ABS Field Type Avaloq DDIC Text)
ABS,LDM,Super Dealer Group,Is Member,,,varchar2(1) or boolean, (ABS Field Type Avaloq DDIC Boolean)
ABS,LDM,Super Dealer Group,Is Sharehold,,,varchar2(1) or boolean, (ABS Field Type Avaloq DDIC Boolean)
ABS,LDM,Super Dealer Group,Is Beneficiary,,,varchar2(1) or boolean, (ABS Field Type Avaloq DDIC Boolean)
ABS,LDM,Super Dealer Group,IDV Status ID,,,varchar2(2000), (ABS Field Type Avaloq Class)
ABS,LDM,Super Dealer Group,IDV Status Name,,,varchar2(4000), (ABS Field Type Avaloq DDIC Text)
ABS,LDM,Super Dealer Group,AML Status ID,,,varchar2(2000), (ABS Field Type Avaloq Class)
ABS,LDM,Super Dealer Group,AML Status Name,,,varchar2(4000), (ABS Field Type Avaloq DDIC Text)
ABS,LDM,Super Dealer Group,CIS Identifier,,,varchar2(4000),CIS Identifier (ABS Field Type Avaloq DDIC Text)
ABS,LDM,Super Dealer Group,Tax File Number,,,varchar2(4000), (ABS Field Type Avaloq DDIC Text)
ABS,LDM,Super Dealer Group,Country Tax ID,,,, (ABS Field Type LDM Object)
ABS,LDM,Super Dealer Group,Country Tax Name,,,varchar2(4000),Name (ABS Field Type Avaloq DDIC Text)
ABS,LDM,Super Dealer Group,Document List,,,, (ABS Field Type Avaloq Structured Addition)
ABS,LDM,Super Dealer Group,Document Detail,,,, (ABS Field Type Avaloq Structured Addition)
ABS,LDM,Super Dealer Group,Document ID,,,, (ABS Field Type LDM Object)
ABS,LDM,Super Dealer Group,Document Signature Date,,,date, (ABS Field Type Avaloq DDIC Date)
ABS,LDM,Super Dealer Group,Document Signature Valid Until,,,date, (ABS Field Type Avaloq DDIC Date)
ABS,LDM,Super Dealer Group,Document Issuer,,,varchar2(4000), (ABS Field Type Avaloq DDIC Text)
ABS,LDM,Super Dealer Group,Document Full Name,,,varchar2(4000), (ABS Field Type Avaloq DDIC Text)
ABS,LDM,Super Dealer Group,Document Identification Number,,,varchar2(4000), (ABS Field Type Avaloq DDIC Text)
ABS,LDM,Super Dealer Group,Document Comment,,,varchar2(4000), (ABS Field Type Avaloq DDIC Text)
ABS,LDM,Super Dealer Group,Document Type ID,,,, (ABS Field Type Avaloq Code Table)
ABS,LDM,Super Dealer Group,Document Type Name,,,varchar2(4000), (ABS Field Type Avaloq DDIC Text)
ABS,LDM,Super Dealer Group,Document Accredited English Translation ID,,,, (ABS Field Type Avaloq Code Table)
ABS,LDM,Super Dealer Group,Document Accredited English Translation Name,,,varchar2(4000), (ABS Field Type Avaloq DDIC Text)
ABS,LDM,Super Dealer Group,Document Public Document Type,,,varchar2(4000), (ABS Field Type Avaloq DDIC Text)
ABS,LDM,Super Dealer Group,Document State ID,,,, (ABS Field Type Avaloq Code Table)
ABS,LDM,Super Dealer Group,Document State Name,,,varchar2(4000), (ABS Field Type Avaloq DDIC Text)
ABS,LDM,Super Dealer Group,Document Country ID,,,, (ABS Field Type LDM Object)
ABS,LDM,Super Dealer Group,Document Country Name,,,, (ABS Field Type LDM Object)
ABS,LDM,Super Dealer Group,Document User,,,varchar2(4000), (ABS Field Type Avaloq DDIC Text)
ABS,LDM,Super Dealer Group,Document IP Address,,,varchar2(4000), (ABS Field Type Avaloq DDIC Text)
ABS,LDM,Super Dealer Group,Authorised Transaction Type,,,,Authorised Transaction Type (ABS Field Type Avaloq Code Table)
ABS,LDM,Super Dealer Group,Authorised Transaction Type name,,,varchar2(4000), (ABS Field Type Avaloq DDIC Text)
ABS,LDM,Super Dealer Group,Address ID,,,,Address type (ABS Field Type LDM Object)
ABS,LDM,Super Dealer Group,Australian Tax Person Relevant ID,,,, (ABS Field Type Avaloq Code Table)
ABS,LDM,Super Dealer Group,Australian Tax Person Relevant Name,,,varchar2(4000), (ABS Field Type Avaloq DDIC Text)
ABS,LDM,Super Dealer Group,Tax Address 1 ID,,,, (ABS Field Type LDM Object)
ABS,LDM,Super Dealer Group,Tax Address 1 Name,,,varchar2(4000),Last name (ABS Field Type Avaloq DDIC Text)
ABS,LDM,Super Dealer Group,Tax Address 2 ID,,,, (ABS Field Type LDM Object)
ABS,LDM,Super Dealer Group,Tax Address 2 Name,,,varchar2(4000),Last name (ABS Field Type Avaloq DDIC Text)
ABS,LDM,Super Dealer Group,Person Type ID,,,, (ABS Field Type Avaloq Code Table)
ABS,LDM,Super Dealer Group,Person Type Name,,,, (ABS Field Type Avaloq Code Table)
ABS,LDM,Super Dealer Group,Organisational Entity,,,, (ABS Field Type LDM Object)
ABS,LDM,Super Dealer Group,Organisational Entity Name,,,varchar2(4000), (ABS Field Type Avaloq DDIC Text)
ABS,LDM,Super Dealer Group,Organisational Entity Key,,,varchar2(4000), (ABS Field Type Avaloq DDIC Text)
ABS,LDM,Super Dealer Group,Organisational Entity EBI Key,,,varchar2(4000), (ABS Field Type Avaloq DDIC Text)
ABS,LDM,Super Dealer Group,Organisational Entity Parent ID,,,, (ABS Field Type LDM Object)
ABS,LDM,Super Dealer Group,Organisational Entity Parent Key,,,varchar2(4000), (ABS Field Type Avaloq DDIC Text)
ABS,LDM,Super Dealer Group,Organisational Entity Parent EBI Key,,,varchar2(4000), (ABS Field Type Avaloq DDIC Text)
ABS,LDM,Super Dealer Group,Organisational Entity Type ID,,,varchar2(2000), (ABS Field Type Avaloq Class)
ABS,LDM,Super Dealer Group,Organisational Entity Type Name,,,varchar2(4000), (ABS Field Type Avaloq DDIC Text)
ABS,LDM,Super Dealer Group,Organisational Entity GCM ID,,,varchar2(4000), (ABS Field Type Avaloq DDIC Text)
ABS,LDM,Super Dealer Group,Organisational Entity Open Date,,,date, (ABS Field Type Avaloq DDIC Date)
ABS,LDM,Super Dealer Group,Intermediary Entity Type ID,,,varchar2(2000), (ABS Field Type Avaloq Class)
ABS,LDM,Super Dealer Group,Intermediary Entity Type Name,,,varchar2(2000), (ABS Field Type Avaloq Class)
ABS,LDM,Super Dealer Group,Organisational Entity Status ID,,,, (ABS Field Type Avaloq Code Table)
ABS,LDM,Super Dealer Group,Organisational Entity Status Name,,,varchar2(4000), (ABS Field Type Avaloq DDIC Text)
ABS,LDM,Super Dealer Group,Party Channel ID,,,varchar2(2000), (ABS Field Type Avaloq Class)
ABS,LDM,Super Dealer Group,Party Channel Name,,,varchar2(4000), (ABS Field Type Avaloq DDIC Text)
ABS,LDM,Super Dealer Group,Distibution Channel ID,,,varchar2(2000), (ABS Field Type Avaloq Class)
ABS,LDM,Super Dealer Group,Distibution Channel Name,,,varchar2(4000), (ABS Field Type Avaloq DDIC Text)
ABS,LDM,Super Dealer Group,Planner ID,,,varchar2(4000), (ABS Field Type Avaloq DDIC Text)
ABS,LDM,Super Dealer Group,WOUP,,,varchar2(4000),WOUP (ABS Field Type Avaloq DDIC Text)
ABS,LDM,Super Dealer Group,Salary ID,,,varchar2(4000),Salary ID (ABS Field Type Avaloq DDIC Text)
ABS,LDM,Super Dealer Group,Is Payable Party,,,varchar2(2000), (ABS Field Type Avaloq Class)
ABS,LDM,Super Dealer Group,Is Payable Party name,,,varchar2(4000), (ABS Field Type Avaloq DDIC Text)
ABS,LDM,Super Dealer Group,Is Silo ID,,,varchar2(2000), (ABS Field Type Avaloq Class)
ABS,LDM,Super Dealer Group,Is Silo name,,,varchar2(4000), (ABS Field Type Avaloq DDIC Text)
ABS,LDM,Super Dealer Group,Is Pay anyone Allowed ID,,,varchar2(2000), (ABS Field Type Avaloq Class)
ABS,LDM,Super Dealer Group,Is Pay anyone Allowed Name,,,varchar2(4000), (ABS Field Type Avaloq DDIC Text)
ABS,LDM,Super Dealer Group,Is Linked Accounts Allowed ID,,,varchar2(2000), (ABS Field Type Avaloq Class)
ABS,LDM,Super Dealer Group,Is Linked Accounts Allowed Name,,,varchar2(4000), (ABS Field Type Avaloq DDIC Text)
ABS,LDM,Super Dealer Group,Is Bpay Allowed ID,,,varchar2(2000), (ABS Field Type Avaloq Class)
ABS,LDM,Super Dealer Group,Is Bpay Allowed Name,,,varchar2(4000), (ABS Field Type Avaloq DDIC Text)
ABS,LDM,Super Dealer Group,Organisational Entity Funds Under Administration,,,pls_integer or number, (ABS Field Type Avaloq DDIC Number)
ABS,LDM,Super Dealer Group,Organisational Entity Active Accounts,,,pls_integer or number, (ABS Field Type Avaloq DDIC Number)
ABS,LDM,Super Dealer Group,Is License Advice Fee Activated,,,varchar2(1) or boolean, (ABS Field Type Avaloq DDIC Boolean)
ABS,LDM,Super Dealer Group,Owner,,,, (ABS Field Type LDM Object)
ABS,LDM,Super Dealer Group,Owner Key,,,varchar2(4000), (ABS Field Type Avaloq DDIC Text)
ABS,LDM,Super Dealer Group,Owner Name,,,varchar2(4000), (ABS Field Type Avaloq DDIC Text)
ABS,LDM,Super Dealer Group,Owner GCM ID,,,varchar2(4000), (ABS Field Type Avaloq DDIC Text)
ABS,LDM,Super Dealer Group,Owner Open Date,,,date, (ABS Field Type Avaloq DDIC Date)
ABS,LDM,Super Dealer Group,Job ID,,,, (ABS Field Type LDM Object)
ABS,LDM,Super Dealer Group,Is Beneficial Owner,,,varchar2(1) or boolean, (ABS Field Type Avaloq DDIC Boolean)
ABS,LDM,Super Dealer Group,GCM Customer Number,,,varchar2(4000), (ABS Field Type Avaloq DDIC Text)
ABS,LDM,Profile,Person Type ID,,,, (ABS Field Type Avaloq Code Table)
ABS,LDM,Profile,Person Type ID,,,, (ABS Field Type Avaloq Code Table)
ABS,LDM,Profile,Job ID,,,, (ABS Field Type LDM Object)
ABS,LDM,Profile,Job name,,,varchar2(4000), (ABS Field Type Avaloq DDIC Text)
ABS,LDM,Profile,Job key,,,varchar2(4000), (ABS Field Type Avaloq DDIC Text)
ABS,LDM,Profile,Organisational Entity,,,,Returns the target object of the OE relation. (ABS Field Type LDM Object)
ABS,LDM,Profile,Job type name,,,varchar2(4000), (ABS Field Type Avaloq DDIC Text)
ABS,LDM,Profile,Authorisation Role of Job to OE,,,, (ABS Field Type Avaloq Code Table)
ABS,LDM,Profile,Job User ID,,,, (ABS Field Type LDM Object)
ABS,LDM,Profile,Job Last Transition Timestamp,,,date, (ABS Field Type Avaloq DDIC Date)
ABS,LDM,Profile,Job Related Natural Person,,,, (ABS Field Type LDM Object)
ABS,LDM,Profile,Job type ID,,,varchar2(2000), (ABS Field Type Avaloq Class)
ABS,LDM,Legal Person,Person Type ID,,,, (ABS Field Type Avaloq Code Table)
ABS,LDM,Legal Person,Person Type Name,,,, (ABS Field Type Avaloq Code Table)
ABS,LDM,Legal Person,Legal Form ID,,,, (ABS Field Type Avaloq Code Table)
ABS,LDM,Legal Person,Legal Form Name,,,varchar2(4000), (ABS Field Type Avaloq DDIC Text)
ABS,LDM,Legal Person,Establish Date,,,date, (ABS Field Type Avaloq DDIC Date)
ABS,LDM,Legal Person,Australian Company Number,,,varchar2(4000), (ABS Field Type Avaloq DDIC Text)
ABS,LDM,Legal Person,ABN,,,pls_integer or number, (ABS Field Type Avaloq DDIC Number)
ABS,LDM,Legal Person,Is registered for GST,,,varchar2(2000), (ABS Field Type Avaloq Class)
ABS,LDM,Legal Person,Is registered for GST Name,,,varchar2(4000), (ABS Field Type Avaloq DDIC Text)
ABS,LDM,Legal Person,ASIC Name,,,varchar2(4000), (ABS Field Type Avaloq DDIC Text)
ABS,LDM,Organizational Investor,Involved Party Type Name,,,varchar2(4000), (ABS Field Type Avaloq DDIC Text)
ABS,LDM,Organizational Investor,Involved Party Type,,,varchar2(2000), (ABS Field Type Avaloq Class)
ABS,LDM,Corporate Investor,Legal Form ID,,,, (ABS Field Type Avaloq Code Table)
ABS,LDM,Corporate Investor,Legal Form Name,,,varchar2(4000), (ABS Field Type Avaloq DDIC Text)
ABS,LDM,Corporate Investor,ANZSIC Division,,,varchar2(2000), (ABS Field Type Avaloq Class)
ABS,LDM,Corporate Investor,ANZSIC Division Name,,,varchar2(4000), (ABS Field Type Avaloq DDIC Text)
ABS,LDM,Corporate Investor,ANZSIC Industry Name,,,varchar2(4000), (ABS Field Type Avaloq DDIC Text)
ABS,LDM,Corporate Investor,ANZSIC Sub-division Name,,,varchar2(4000), (ABS Field Type Avaloq DDIC Text)
ABS,LDM,Corporate Investor,ANZSIC Group ID,,,varchar2(2000), (ABS Field Type Avaloq Class)
ABS,LDM,Corporate Investor,ANZSIC Group Name,,,varchar2(4000), (ABS Field Type Avaloq DDIC Text)
ABS,LDM,Corporate Investor,ANZSIC Industry ID,,,varchar2(2000), (ABS Field Type Avaloq Class)
ABS,LDM,Corporate Investor,ANZSIC Sub-division ID,,,varchar2(2000), (ABS Field Type Avaloq Class)
ABS,LDM,Trust Investor,Legal Form ID,,,, (ABS Field Type Avaloq Code Table)
ABS,LDM,Trust Investor,Legal Form Name,,,varchar2(4000), (ABS Field Type Avaloq DDIC Text)
ABS,LDM,Trust Investor,Trust Type ID,,,varchar2(2000), (ABS Field Type Avaloq Class)
ABS,LDM,Trust Investor,Trust Type Name,,,varchar2(4000), (ABS Field Type Avaloq DDIC Text)
ABS,LDM,Trust Investor,Trust Detail,,,, (ABS Field Type Avaloq Structured Addition)
ABS,LDM,Trust Investor,Trust Registration State Name,,,varchar2(4000), (ABS Field Type Avaloq DDIC Text)
ABS,LDM,Trust Investor,Trust Member Class,,,, (ABS Field Type Avaloq Structured Addition)
ABS,LDM,Trust Investor,Trust Legislation Name,,,, (ABS Field Type Avaloq Structured Addition)
ABS,LDM,Trust Investor,Trust Regulatory Name,,,, (ABS Field Type Avaloq Structured Addition)
ABS,LDM,Trust Investor,Trust License Number,,,varchar2(4000), (ABS Field Type Avaloq DDIC Text)
ABS,LDM,Trust Investor,Trust Registration State,,,, (ABS Field Type Avaloq Code Table)
ABS,LDM,Trust Investor,Trust Description,,,, (ABS Field Type Avaloq Structured Addition)
ABS,LDM,SMSF Investor,Legal Form Name,,,varchar2(4000), (ABS Field Type Avaloq DDIC Text)
ABS,LDM,SMSF Investor,Legal Form ID,,,, (ABS Field Type Avaloq Code Table)
ABS,LDM,Natural Person,Person Type ID,,,, (ABS Field Type Avaloq Code Table)
ABS,LDM,Natural Person,Has T&C Document,,,varchar2(1) or boolean, (ABS Field Type Avaloq DDIC Boolean)
ABS,LDM,Natural Person,Profile,,,, (ABS Field Type LDM Object)
ABS,LDM,Natural Person,Oracle User,,,varchar2(4000), (ABS Field Type Avaloq DDIC Text)
ABS,LDM,Natural Person,First Name,,,varchar2(4000), (ABS Field Type Avaloq DDIC Text)
ABS,LDM,Natural Person,Middle Name,,,varchar2(4000), (ABS Field Type Avaloq DDIC Text)
ABS,LDM,Natural Person,Last Name,,,varchar2(4000), (ABS Field Type Avaloq DDIC Text)
ABS,LDM,Natural Person,Birth Date,,,date, (ABS Field Type Avaloq DDIC Date)
ABS,LDM,Natural Person,Nationality ID,,,,Nationality (ABS Field Type LDM Object)
ABS,LDM,Natural Person,Nationality name,,,varchar2(4000),Name (ABS Field Type Avaloq DDIC Text)
ABS,LDM,Natural Person,Is a Terms & Conditions Approver,,,varchar2(1) or boolean, (ABS Field Type Avaloq DDIC Boolean)
ABS,LDM,Natural Person,Is a Primary Contact,,,varchar2(1) or boolean, (ABS Field Type Avaloq DDIC Boolean)
ABS,LDM,Natural Person,Artist Name,,,varchar2(4000), (ABS Field Type Avaloq DDIC Text)
ABS,LDM,Natural Person,Age,,,pls_integer or number, (ABS Field Type Avaloq DDIC Number)
ABS,LDM,Natural Person,Death Date,,,date, (ABS Field Type Avaloq DDIC Date)
ABS,LDM,Natural Person,Is Person a Registered User,,,varchar2(1) or boolean, (ABS Field Type Avaloq DDIC Boolean)
ABS,LDM,Natural Person,Gender ID,,,, (ABS Field Type Avaloq Code Table)
ABS,LDM,Natural Person,Gender Name,,,, (ABS Field Type Avaloq Code Table)
ABS,LDM,Natural Person,Profession,,,varchar2(4000), (ABS Field Type Avaloq DDIC Text)
ABS,LDM,Natural Person,Title,,,, (ABS Field Type Avaloq Code Table)
ABS,LDM,Natural Person,Title Name,,,, (ABS Field Type Avaloq Code Table)
ABS,LDM,Natural Person,Alternate First Name,,,varchar2(4000), (ABS Field Type Avaloq DDIC Text)
ABS,LDM,Natural Person,Alternate Middle Name,,,varchar2(4000), (ABS Field Type Avaloq DDIC Text)
ABS,LDM,Natural Person,Alternate Last Name,,,varchar2(4000), (ABS Field Type Avaloq DDIC Text)
ABS,LDM,Natural Person,Alternate Full Name,,,varchar2(4000), (ABS Field Type Avaloq DDIC Text)
ABS,LDM,Natural Person,Person Type Name,,,, (ABS Field Type Avaloq Code Table)
ABS,LDM,Indiviudal Intermediary,Involved Party Type Name,,,varchar2(4000), (ABS Field Type Avaloq DDIC Text)
ABS,LDM,Indiviudal Intermediary,Involved Party Type,,,varchar2(2000), (ABS Field Type Avaloq Class)
ABS,LDM,Account,Product Detail,,,, (ABS Field Type Avaloq Structured Addition)
ABS,LDM,Account,Product,,,, (ABS Field Type LDM Object)
ABS,LDM,Account,Linked Account,,,, (ABS Field Type Avaloq Structured Addition)
ABS,LDM,Account,Linked Account Detail,,,, (ABS Field Type Avaloq Structured Addition)
ABS,LDM,Account,Linked Account Primary,,,varchar2(1) or boolean, (ABS Field Type Avaloq DDIC Boolean)
ABS,LDM,Account,Linked Account Name,,,varchar2(4000), (ABS Field Type Avaloq DDIC Text)
ABS,LDM,Account,Linked Account Nickname,,,varchar2(4000), (ABS Field Type Avaloq DDIC Text)
ABS,LDM,Account,Linked Account Bsb,,,varchar2(4000), (ABS Field Type Avaloq DDIC Text)
ABS,LDM,Account,Linked Account Number,,,varchar2(4000), (ABS Field Type Avaloq DDIC Text)
ABS,LDM,Account,Linked Account Currency ID,,,, (ABS Field Type LDM Object)
ABS,LDM,Account,Linked Account Limit,,,pls_integer or number, (ABS Field Type Avaloq DDIC Number)
ABS,LDM,Account,Registered Payee: Pay Anyone,,,, (ABS Field Type Avaloq Structured Addition)
ABS,LDM,Account,Registered Payee: Pay Anyone Detail,,,, (ABS Field Type Avaloq Structured Addition)
ABS,LDM,Account,Registered Payee Account Name,,,varchar2(4000), (ABS Field Type Avaloq DDIC Text)
ABS,LDM,Account,Registered Payee Account Nickname,,,varchar2(4000), (ABS Field Type Avaloq DDIC Text)
ABS,LDM,Account,Registered Payee Bsb,,,varchar2(4000), (ABS Field Type Avaloq DDIC Text)
ABS,LDM,Account,Registered Payee Account Number,,,varchar2(4000), (ABS Field Type Avaloq DDIC Text)
ABS,LDM,Account,Registered Payee: BPAY,,,, (ABS Field Type Avaloq Structured Addition)
ABS,LDM,Account,Registered Payee: BPAY Detail,,,, (ABS Field Type Avaloq Structured Addition)
ABS,LDM,Account,Registered Biller Account Name,,,varchar2(4000), (ABS Field Type Avaloq DDIC Text)
ABS,LDM,Account,Registered Biller Account Nickname,,,varchar2(4000), (ABS Field Type Avaloq DDIC Text)
ABS,LDM,Account,Registered Biller Code,,,varchar2(4000), (ABS Field Type Avaloq DDIC Text)
ABS,LDM,Account,Registered Biller Account Number,,,varchar2(4000), (ABS Field Type Avaloq DDIC Text)
ABS,LDM,Account,Name,,,varchar2(4000), (ABS Field Type Avaloq DDIC Text)
ABS,LDM,Account,Name Auto,,,varchar2(1) or boolean,Name Auto Flag (ABS Field Type Avaloq DDIC Boolean)
ABS,LDM,Account,BP Numeric Key,,,, (ABS Field Type Avaloq Code Table)
ABS,LDM,Account,BP Status ID,,,varchar2(2000),BP status (ABS Field Type Avaloq Class)
ABS,LDM,Account,BP Status Name,,,varchar2(4000), (ABS Field Type Avaloq DDIC Text)
ABS,LDM,Account,Withholding Tax Liable ID,,,, (ABS Field Type Avaloq Code Table)
ABS,LDM,Account,Withholding Tax Liable Name,,,varchar2(4000), (ABS Field Type Avaloq DDIC Text)
ABS,LDM,Account,Reporting Currency ID,,,,Reference curreny (ABS Field Type LDM Object)
ABS,LDM,Account,Reporting Currency Name,,,varchar2(4000),Name (ABS Field Type Avaloq DDIC Text)
ABS,LDM,Account,Account Structure Type ID,,,varchar2(2000), (ABS Field Type Avaloq Class)
ABS,LDM,Account,Account Structure Type Name,,,varchar2(4000), (ABS Field Type Avaloq DDIC Text)
ABS,LDM,Account,CGT Lot-Keeping Method ID,,,, (ABS Field Type Avaloq Code Table)
ABS,LDM,Account,CGT Lot-Keeping Method Name,,,varchar2(4000), (ABS Field Type Avaloq DDIC Text)
ABS,LDM,Account,Authorities ID,,,,Returns the target object of the relation. The target object is always a person. (ABS Field Type LDM Object)
ABS,LDM,Account,Authorities Name,,,varchar2(4000),Name (ABS Field Type Avaloq DDIC Text)
ABS,LDM,Account,Authority Role ID,,,,Legitimation (ABS Field Type Avaloq Code Table)
ABS,LDM,Account,Authority Role Name,,,varchar2(4000), (ABS Field Type Avaloq DDIC Text)
ABS,LDM,Account,Authority Transaction Type ID,,,,Authorised Transaction Type (ABS Field Type Avaloq Code Table)
ABS,LDM,Account,Authority Transaction Type Name,,,varchar2(4000), (ABS Field Type Avaloq DDIC Text)
ABS,LDM,Account,Primary Contact ID,,,, (ABS Field Type LDM Object)
ABS,LDM,Account,Primary Contact Name,,,varchar2(4000),Name (ABS Field Type Avaloq DDIC Text)
ABS,LDM,Account,Adviser Natural Person ID,,,, (ABS Field Type LDM Object)
ABS,LDM,Account,Adviser Natural Person Name,,,varchar2(4000),Name (ABS Field Type Avaloq DDIC Text)
ABS,LDM,Account,Adviser Person OE ID,,,, (ABS Field Type LDM Object)
ABS,LDM,Account,Adviser Person OE Name,,,varchar2(4000),Name (ABS Field Type Avaloq DDIC Text)
ABS,LDM,Account,Address ID,,,, (ABS Field Type LDM Object)
ABS,LDM,Account,Address ID,,,varchar2(4000),Last name (ABS Field Type Avaloq DDIC Text)
ABS,LDM,Account,Address Owner ID,,,, (ABS Field Type LDM Object)
ABS,LDM,Account,Address Owner Name,,,varchar2(4000),Name (ABS Field Type Avaloq DDIC Text)
ABS,LDM,Account,Is Main Address,,,varchar2(1) or boolean, (ABS Field Type Avaloq DDIC Boolean)
ABS,LDM,Account,Container ID,,,, (ABS Field Type LDM Object)
ABS,LDM,Account,Container Name,,,varchar2(4000),Name (ABS Field Type Avaloq DDIC Text)
ABS,LDM,Account,Australian Tax BP Relevant ID,,,, (ABS Field Type Avaloq Code Table)
ABS,LDM,Account,Australian Tax BP Relevant Name,,,varchar2(4000), (ABS Field Type Avaloq DDIC Text)
ABS,LDM,Account,Australian Tax Residence ID,,,, (ABS Field Type Avaloq Code Table)
ABS,LDM,Account,Australian Tax Residence Name,,,varchar2(4000), (ABS Field Type Avaloq DDIC Text)
ABS,LDM,Account,Tax Country ID,,,, (ABS Field Type LDM Object)
ABS,LDM,Account,Tax Country Name,,,varchar2(4000),Name (ABS Field Type Avaloq DDIC Text)
ABS,LDM,Account,Registered for GST ID,,,, (ABS Field Type Avaloq Code Table)
ABS,LDM,Account,Registered for GST Name,,,varchar2(4000), (ABS Field Type Avaloq DDIC Text)
ABS,LDM,Account,Report Relevant ID,,,, (ABS Field Type Avaloq Code Table)
ABS,LDM,Account,Report Relevant NAME,,,varchar2(4000), (ABS Field Type Avaloq DDIC Text)
ABS,LDM,Account,Tax of Financial Arrangement (TOFA) Relevant ID,,,, (ABS Field Type Avaloq Code Table)
ABS,LDM,Account,Tax of Financial Arrangement (TOFA) Relevant Name,,,varchar2(4000), (ABS Field Type Avaloq DDIC Text)
ABS,LDM,Account,Discount Factor ID,,,, (ABS Field Type Avaloq Code Table)
ABS,LDM,Account,Discount Factor Name,,,varchar2(4000), (ABS Field Type Avaloq DDIC Text)
ABS,LDM,Account,Superannuation Sub Type ID,,,, (ABS Field Type Avaloq Code Table)
ABS,LDM,Account,Superannuation Sub Type Name,,,varchar2(4000), (ABS Field Type Avaloq DDIC Text)
ABS,LDM,Account,Superannuation Pension Type ID,,,, (ABS Field Type Avaloq Code Table)
ABS,LDM,Account,Superannuation Sub Type Name,,,varchar2(4000), (ABS Field Type Avaloq DDIC Text)
ABS,LDM,Account,Deceased over Age 60,,,varchar2(1) or boolean, (ABS Field Type Avaloq DDIC Boolean)
ABS,LDM,Account,Spouse of Deceased,,,varchar2(1) or boolean, (ABS Field Type Avaloq DDIC Boolean)
ABS,LDM,Account,Superannuation Lump Sum Withholding Tax ID,,,, (ABS Field Type Avaloq Code Table)
ABS,LDM,Account,Superannuation Lump Sum Withholding Tax Name,,,varchar2(4000), (ABS Field Type Avaloq DDIC Text)
ABS,LDM,Account,Superannuation Income Stream Withholding Tax ID,,,, (ABS Field Type Avaloq Code Table)
ABS,LDM,Account,Superannuation Income Stream Withholding Tax Name,,,varchar2(4000), (ABS Field Type Avaloq DDIC Text)
ABS,LDM,Account,Product Subscription ID,,,, (ABS Field Type LDM Object)
ABS,LDM,Account,Product Subscription Name,,,varchar2(4000),Name (ABS Field Type Avaloq DDIC Text)
ABS,LDM,Account,Product Subscription Date From,,,date, (ABS Field Type Avaloq DDIC Date)
ABS,LDM,Account,Product Subscription Date To,,,date, (ABS Field Type Avaloq DDIC Date)
ABS,LDM,Account,Initial Investment Asset ID,,,, (ABS Field Type LDM Object)
ABS,LDM,Account,Initial Investment Asset Name,,,varchar2(4000),Name (ABS Field Type Avaloq DDIC Text)
ABS,LDM,Account,Initial Investment Amount,,,pls_integer or number, (ABS Field Type Avaloq DDIC Number)
ABS,LDM,Account,BP Key,,,varchar2(4000), (ABS Field Type Avaloq DDIC Text)
ABS,LDM,Account,Is BP open,,,varchar2(1) or boolean, (ABS Field Type Avaloq DDIC Boolean)
ABS,LDM,Account,Customer Type ID,,,varchar2(2000), (ABS Field Type Avaloq Class)
ABS,LDM,Account,Customer Type Name,,,varchar2(4000), (ABS Field Type Avaloq DDIC Text)
ABS,LDM,Account,BP modification sequence number,,,pls_integer or number, (ABS Field Type Avaloq DDIC Number)
ABS,LDM,Account,Accountant Person ID,,,, (ABS Field Type LDM Object)
ABS,LDM,Account,Accountant Person Name,,,varchar2(4000),Name (ABS Field Type Avaloq DDIC Text)
ABS,LDM,Account,Accountant Person ID,,,, (ABS Field Type LDM Object)
ABS,LDM,Account,Accountant Person Name,,,varchar2(4000),Name (ABS Field Type Avaloq DDIC Text)
ABS,LDM,Account,Block Detail,,,, (ABS Field Type Avaloq Structured Addition)
ABS,LDM,Account,Responsible Person ID,,,, (ABS Field Type LDM Object)
ABS,LDM,Account,Responsible Person Name,,,varchar2(4000),Name (ABS Field Type Avaloq DDIC Text)
ABS,LDM,Account,Block Code Type ID,,,varchar2(2000), (ABS Field Type Avaloq Class)
ABS,LDM,Account,Block Code Type Name,,,varchar2(4000), (ABS Field Type Avaloq DDIC Text)
ABS,LDM,Account,Transaction Limit,,,, (ABS Field Type Avaloq Structured Addition)
ABS,LDM,Account,Transaction Limit Meta Type ID,,,, (ABS Field Type Avaloq Code Table)
ABS,LDM,Account,Transaction Limit Order Type ID,,,, (ABS Field Type Avaloq Code Table)
ABS,LDM,Account,Transaction Limit Currency ID,,,, (ABS Field Type LDM Object)
ABS,LDM,Account,Transaction Limit Amount,,,pls_integer or number, (ABS Field Type Avaloq DDIC Number)
ABS,LDM,Account,Document Detail,,,, (ABS Field Type Avaloq Structured Addition)
ABS,LDM,Account,Document ID,,,, (ABS Field Type LDM Object)
ABS,LDM,Account,Document Sign Date,,,date, (ABS Field Type Avaloq DDIC Date)
ABS,LDM,Account,Document Refer to Person ID,,,, (ABS Field Type LDM Object)
ABS,LDM,Account,MP Preference,,,, (ABS Field Type Avaloq Structured Addition)
ABS,LDM,Account,MP Preference Type ID,,,, (ABS Field Type Avaloq Code Table)
ABS,LDM,Account,MP Preference Type Name,,,varchar2(4000), (ABS Field Type Avaloq DDIC Text)
ABS,LDM,Account,MP Preference Valid From,,,date, (ABS Field Type Avaloq DDIC Date)
ABS,LDM,Account,MP Preference Valid To,,,date, (ABS Field Type Avaloq DDIC Date)
ABS,LDM,Address,Address,,,, (ABS Field Type LDM Object)
ABS,LDM,Address,Address Name,,,varchar2(4000), (ABS Field Type Avaloq DDIC Text)
ABS,LDM,Address,Address Type ID,,,,Address type (ABS Field Type Avaloq Code Table)
ABS,LDM,Address,Address Medium,,,, (ABS Field Type Avaloq Code Table)
ABS,LDM,Address,Address Kind ID,,,, (ABS Field Type Avaloq Code Table)
ABS,LDM,Address,Address Kind Name,,,, (ABS Field Type Avaloq Code Table)
ABS,LDM,Address,Address Medium ID,,,, (ABS Field Type Avaloq Code Table)
ABS,LDM,Address,Address Type Name,,,, (ABS Field Type Avaloq Code Table)
ABS,LDM,Postal Address,Is Mailing Address,,,varchar2(1) or boolean, (ABS Field Type Avaloq DDIC Boolean)
ABS,LDM,Postal Address,Floor Type Name,,,varchar2(4000), (ABS Field Type Avaloq DDIC Text)
ABS,LDM,Postal Address,Country,,,, (ABS Field Type LDM Object)
ABS,LDM,Postal Address,Care of,,,varchar2(4000),Care of (ABS Field Type Avaloq DDIC Text)
ABS,LDM,Postal Address,Street Number,,,varchar2(4000), (ABS Field Type Avaloq DDIC Text)
ABS,LDM,Postal Address,Street Name,,,varchar2(4000), (ABS Field Type Avaloq DDIC Text)
ABS,LDM,Postal Address,City,,,varchar2(4000), (ABS Field Type Avaloq DDIC Text)
ABS,LDM,Postal Address,State ID_,,,,State (ABS Field Type Avaloq Code Table)
ABS,LDM,Postal Address,State Name,,,, (ABS Field Type Avaloq Code Table)
ABS,LDM,Postal Address,Is State ID Set Automatically,,,varchar2(1) or boolean,Is state_id set automatically (ABS Field Type Avaloq DDIC Boolean)
ABS,LDM,Postal Address,State,,,varchar2(4000),State (ABS Field Type Avaloq DDIC Text)
ABS,LDM,Postal Address,Zip,,,varchar2(4000), (ABS Field Type Avaloq DDIC Text)
ABS,LDM,Postal Address,Unit Number,,,varchar2(4000), (ABS Field Type Avaloq DDIC Text)
ABS,LDM,Postal Address,Floor Number,,,varchar2(4000), (ABS Field Type Avaloq DDIC Text)
ABS,LDM,Postal Address,Street Type ID,,,, (ABS Field Type Avaloq Code Table)
ABS,LDM,Postal Address,Street Type Name,,,, (ABS Field Type Avaloq Code Table)
ABS,LDM,Postal Address,Building Name,,,varchar2(4000), (ABS Field Type Avaloq DDIC Text)
ABS,LDM,Postal Address,PO Box,,,varchar2(4000), (ABS Field Type Avaloq DDIC Text)
ABS,LDM,Postal Address,Post Office Box Type ID,,,, (ABS Field Type Avaloq Code Table)
ABS,LDM,Postal Address,Post Office Box Type Name,,,, (ABS Field Type Avaloq Code Table)
ABS,LDM,Postal Address,Modification Sequence Number (Optimistic Locking),,,pls_integer or number, (ABS Field Type Avaloq DDIC Number)
ABS,LDM,Postal Address,Unit Type ID,,,, (ABS Field Type Avaloq Code Table)
ABS,LDM,Postal Address,Unit Type Name,,,varchar2(4000), (ABS Field Type Avaloq DDIC Text)
ABS,LDM,Postal Address,Floor Type ID,,,, (ABS Field Type Avaloq Code Table)
ABS,LDM,Postal Address,Is Domicile Address,,,varchar2(1) or boolean, (ABS Field Type Avaloq DDIC Boolean)
ABS,LDM,Electronical Address,Electronic Address,,,varchar2(4000), (ABS Field Type Avaloq DDIC Text)
ABS,LDM,Asset,Asset,,,, (ABS Field Type LDM Object)
ABS,LDM,Asset,Asset ISIN,,,varchar2(4000), (ABS Field Type Avaloq DDIC Text)
ABS,LDM,Asset,Asset Type,,,varchar2(2000), (ABS Field Type Avaloq Class)
ABS,LDM,Asset,Asset Type Name,,,varchar2(4000), (ABS Field Type Avaloq DDIC Text)
ABS,LDM,Asset,Australian Tax Asset Type ID,,,, (ABS Field Type Avaloq Code Table)
ABS,LDM,Asset,Australian Tax Asset Type Name,,,varchar2(4000), (ABS Field Type Avaloq DDIC Text)
ABS,LDM,Asset,Australian Tax Asset Sub Type ID,,,, (ABS Field Type Avaloq Code Table)
ABS,LDM,Asset,Australian Tax Asset Sub Type Name,,,varchar2(4000), (ABS Field Type Avaloq DDIC Text)
ABS,LDM,Asset,Asset Domicile ID,,,, (ABS Field Type LDM Object)
ABS,LDM,Asset,Asset Domicile Name,,,varchar2(4000), (ABS Field Type Avaloq DDIC Text)
ABS,LDM,Asset,Taxable Australian Property (TAP) ID,,,, (ABS Field Type Avaloq Code Table)
ABS,LDM,Asset,Taxable Australian Property (TAP) Name,,,varchar2(4000), (ABS Field Type Avaloq DDIC Text)
ABS,LDM,Asset,Tax Period Override ID,,,, (ABS Field Type Avaloq Code Table)
ABS,LDM,Asset,Tax Period Override Name,,,varchar2(4000), (ABS Field Type Avaloq DDIC Text)
ABS,LDM,Asset,Captial Gain Tax Relevant ID,,,, (ABS Field Type Avaloq Code Table)
ABS,LDM,Asset,Captial Gain Tax Relevant Name,,,varchar2(4000), (ABS Field Type Avaloq DDIC Text)
ABS,LDM,Asset,Franking Credit Relevant ID,,,, (ABS Field Type Avaloq Code Table)
ABS,LDM,Asset,Franking Credit Relevant Name,,,varchar2(4000), (ABS Field Type Avaloq DDIC Text)
ABS,LDM,Asset,Franking Credit Holding Period ID,,,, (ABS Field Type Avaloq Code Table)
ABS,LDM,Asset,Franking Credit Holding Period Name,,,varchar2(4000), (ABS Field Type Avaloq DDIC Text)
ABS,LDM,Asset,Tax of Financial Arrangement (TOFA) Type ID,,,, (ABS Field Type Avaloq Code Table)
ABS,LDM,Asset,Tax of Financial Arrangement (TOFA) Type Name,,,varchar2(4000), (ABS Field Type Avaloq DDIC Text)
ABS,LDM,Asset,TOFA Timing Method ID,,,, (ABS Field Type Avaloq Code Table)
ABS,LDM,Asset,TOFA Timing Method Name,,,varchar2(4000), (ABS Field Type Avaloq DDIC Text)
ABS,LDM,Asset,Investment Capital Gain Relevance ID,,,, (ABS Field Type Avaloq Code Table)
ABS,LDM,Asset,Investment Capital Gain Relevance Name,,,varchar2(4000), (ABS Field Type Avaloq DDIC Text)
ABS,LDM,Asset,WTax Form Relevant,,,varchar2(2000), (ABS Field Type Avaloq Class)
ABS,LDM,Asset,WTax Form Relevant Name,,,varchar2(4000), (ABS Field Type Avaloq DDIC Text)
ABS,LDM,Asset,Asset Group,,,varchar2(2000), (ABS Field Type Avaloq Class)
ABS,LDM,Asset,Asset Group Name,,,varchar2(4000), (ABS Field Type Avaloq DDIC Text)
ABS,LDM,Asset,Asset Cluster ID,,,varchar2(2000), (ABS Field Type Avaloq Class)
ABS,LDM,Asset,Asset Clustr Name,,,varchar2(4000), (ABS Field Type Avaloq DDIC Text)
ABS,LDM,Asset,Asset Class,,,varchar2(2000), (ABS Field Type Avaloq Class)
ABS,LDM,Asset,Asset Class Name,,,varchar2(4000), (ABS Field Type Avaloq DDIC Text)
ABS,LDM,Asset,Asset MSC Sector ID,,,varchar2(2000), (ABS Field Type Avaloq Class)
ABS,LDM,Asset,Asset MSC Sector Name,,,varchar2(4000), (ABS Field Type Avaloq DDIC Text)
ABS,LDM,Asset,Asset MSC Group ID,,,varchar2(2000), (ABS Field Type Avaloq Class)
ABS,LDM,Asset,Asset MSC Group Name,,,varchar2(4000), (ABS Field Type Avaloq DDIC Text)
ABS,LDM,Asset,Asset MACC Type ID,,,varchar2(2000), (ABS Field Type Avaloq Class)
ABS,LDM,Asset,Asset MACC Type Name,,,varchar2(4000), (ABS Field Type Avaloq DDIC Text)
ABS,LDM,Asset,Asset Standard Risk Measure ID,,,varchar2(2000), (ABS Field Type Avaloq Class)
ABS,LDM,Asset,Asset Standard Risk Measure Name,,,varchar2(4000), (ABS Field Type Avaloq DDIC Text)
ABS,LDM,Asset,Asset Status ID,,,varchar2(2000), (ABS Field Type Avaloq Class)
ABS,LDM,Asset,Asset Status Name,,,varchar2(4000), (ABS Field Type Avaloq DDIC Text)
ABS,LDM,Asset,Asset Period,,,varchar2(4000),Period expression (for generic assets) (ABS Field Type Avaloq DDIC Text)
ABS,LDM,Asset,Asset Key,,,varchar2(4000), (ABS Field Type Avaloq DDIC Text)
ABS,LDM,Asset,Asset Name,,,varchar2(4000), (ABS Field Type Avaloq DDIC Text)
ABS,LDM,Collection,Collection ID,,,, (ABS Field Type LDM Object)
ABS,LDM,Collection,APL Type,,,, (ABS Field Type Avaloq Code Table)
ABS,LDM,Collection,Collection Name,,,varchar2(4000), (ABS Field Type Avaloq DDIC Text)
ABS,LDM,Container,Container,,,, (ABS Field Type LDM Object)
ABS,LDM,Container,Container External Holding Status Name,,,varchar2(4000), (ABS Field Type Avaloq DDIC Text)
ABS,LDM,Container,Full Name,,,varchar2(4000),Name (ABS Field Type Avaloq DDIC Text)
ABS,LDM,Container,Container Type,,,varchar2(2000), (ABS Field Type Avaloq Class)
ABS,LDM,Container,Container Type Name,,,varchar2(4000), (ABS Field Type Avaloq DDIC Text)
ABS,LDM,Container,BSB,,,varchar2(4000), (ABS Field Type Avaloq DDIC Text)
ABS,LDM,Container,BPAY Biller Code,,,varchar2(4000), (ABS Field Type Avaloq DDIC Text)
ABS,LDM,Container,Product,,,,Corresponding Product (ABS Field Type LDM Object)
ABS,LDM,Container,BP ID of the Container,,,, (ABS Field Type LDM Object)
ABS,LDM,Container,BP Name of the Container,,,,Name (ABS Field Type LDM Object)
ABS,LDM,Container,Business Unit ID of the Container,,,,Business Unit (ABS Field Type LDM Object)
ABS,LDM,Container,Sub Business Unit ID of the Container,,,,Sub Business Unit (ABS Field Type LDM Object)
ABS,LDM,Container,Sub Business Unit Name of the Container,,,varchar2(4000),Name (ABS Field Type Avaloq DDIC Text)
ABS,LDM,Container,Reference Currency of the Container,,,, (ABS Field Type LDM Object)
ABS,LDM,Container,Rebalance Group,,,varchar2(2000),Rebalance Group (ABS Field Type Avaloq Class)
ABS,LDM,Container,Rebalance Group Name,,,varchar2(4000), (ABS Field Type Avaloq DDIC Text)
ABS,LDM,Container,Investment Policy Statement,,,,Investment Policy Statement (ABS Field Type LDM Object)
ABS,LDM,Container,IPS Container Type ID,,,,Container Type (ABS Field Type Avaloq Code Table)
ABS,LDM,Container,IPS Container Type Name,,,varchar2(4000), (ABS Field Type Avaloq DDIC Text)
ABS,LDM,Container,Valid From,,,date,Valid From (ABS Field Type Avaloq DDIC Date)
ABS,LDM,Container,Container Status ID,,,, (ABS Field Type Avaloq Code Table)
ABS,LDM,Container,Container Status Name,,,varchar2(4000), (ABS Field Type Avaloq DDIC Text)
ABS,LDM,Container,Draw Down Strategy ID,,,varchar2(2000), (ABS Field Type Avaloq Class)
ABS,LDM,Container,Container External Holding Source ID,,,, (ABS Field Type Avaloq Code Table)
ABS,LDM,Container,Container External Holding Source Name,,,varchar2(4000), (ABS Field Type Avaloq DDIC Text)
ABS,LDM,Container,Container External Holding Status ID,,,, (ABS Field Type Avaloq Code Table)
ABS,LDM,Container,Container Name,,,varchar2(4000), (ABS Field Type Avaloq DDIC Text)
ABS,LDM,Shadow Container,Container Type Name,,,varchar2(4000), (ABS Field Type Avaloq DDIC Text)
ABS,LDM,Shadow Container,Container Type,,,varchar2(2000), (ABS Field Type Avaloq Class)
ABS,LDM,Client Container,Container Type Name,,,varchar2(4000), (ABS Field Type Avaloq DDIC Text)
ABS,LDM,Client Container,Container Type,,,varchar2(2000), (ABS Field Type Avaloq Class)
ABS,LDM,FTP Container,Container Type Name,,,varchar2(4000), (ABS Field Type Avaloq DDIC Text)
ABS,LDM,FTP Container,Container Type,,,varchar2(2000), (ABS Field Type Avaloq Class)
ABS,LDM,Country,Country Name,,,varchar2(4000), (ABS Field Type Avaloq DDIC Text)
ABS,LDM,Country,Country,,,, (ABS Field Type LDM Object)
ABS,LDM,Currency,Currency Name,,,varchar2(4000), (ABS Field Type Avaloq DDIC Text)
ABS,LDM,Currency,Currency,,,, (ABS Field Type LDM Object)
ABS,LDM,Document,Document Name,,,varchar2(4000), (ABS Field Type Avaloq DDIC Text)
ABS,LDM,Document,Document ID,,,, (ABS Field Type LDM Object)
ABS,LDM,Investment Policy Statement,Investment Policy Statement,,,, (ABS Field Type LDM Object)
ABS,LDM,Investment Policy Statement,Index Asset,,,, (ABS Field Type LDM Object)
ABS,LDM,Investment Policy Statement,Business Unit,,,,Business Unit (ABS Field Type LDM Object)
ABS,LDM,Investment Policy Statement,IPS Type ID,,,varchar2(2000), (ABS Field Type Avaloq Class)
ABS,LDM,Investment Policy Statement,IPS Type Name,,,varchar2(4000), (ABS Field Type Avaloq DDIC Text)
ABS,LDM,Investment Policy Statement,Customer Accounting,,,,CUA on which the IPS is linked to (ABS Field Type LDM Object)
ABS,LDM,Investment Policy Statement,Reference Currency ID,,,,IPS reference curency (ABS Field Type LDM Object)
ABS,LDM,Investment Policy Statement,IPS Symbolic Key,,,varchar2(4000),avaloq standard key. (ABS Field Type Avaloq DDIC Text)
ABS,LDM,Investment Policy Statement,Investment Manager ID,,,, (ABS Field Type LDM Object)
ABS,LDM,Investment Policy Statement,APIR Code,,,varchar2(4000), (ABS Field Type Avaloq DDIC Text)
ABS,LDM,Investment Policy Statement,Status ID,,,,Status (ABS Field Type Avaloq Code Table)
ABS,LDM,Investment Policy Statement,Status Name,,,varchar2(4000), (ABS Field Type Avaloq DDIC Text)
ABS,LDM,Investment Policy Statement,MP Type ID,,,varchar2(2000), (ABS Field Type Avaloq Class)
ABS,LDM,Investment Policy Statement,MP Type Name,,,varchar2(4000), (ABS Field Type Avaloq DDIC Text)
ABS,LDM,Investment Policy Statement,Construction Type ID,,,varchar2(2000), (ABS Field Type Avaloq Class)
ABS,LDM,Investment Policy Statement,Construction Type Name,,,varchar2(4000), (ABS Field Type Avaloq DDIC Text)
ABS,LDM,Investment Policy Statement,Investment Style ID,,,varchar2(2000), (ABS Field Type Avaloq Class)
ABS,LDM,Investment Policy Statement,Investment Style Name,,,varchar2(4000), (ABS Field Type Avaloq DDIC Text)
ABS,LDM,Investment Policy Statement,Asset Class ID,,,varchar2(2000), (ABS Field Type Avaloq Class)
ABS,LDM,Investment Policy Statement,Asset Class Name,,,varchar2(4000), (ABS Field Type Avaloq DDIC Text)
ABS,LDM,Investment Policy Statement,IPS Parameter,,,, (ABS Field Type Avaloq Structured Addition)
ABS,LDM,Investment Policy Statement,Performance Fee,,,pls_integer or number, (ABS Field Type Avaloq DDIC Number)
ABS,LDM,Investment Policy Statement,Minimum Initial Investment Amount,,,pls_integer or number, (ABS Field Type Avaloq DDIC Number)
ABS,LDM,Investment Policy Statement,Minimum Withdrawal Amount,,,pls_integer or number, (ABS Field Type Avaloq DDIC Number)
ABS,LDM,Investment Policy Statement,Minimum Contribution Amount,,,pls_integer or number, (ABS Field Type Avaloq DDIC Number)
ABS,LDM,Investment Policy Statement,Target Outperformance,,,varchar2(4000), (ABS Field Type Avaloq DDIC Text)
ABS,LDM,Investment Policy Statement,Mandate Check Weekday ID,,,varchar2(2000), (ABS Field Type Avaloq Class)
ABS,LDM,Investment Policy Statement,Mandate Check Weekday Name,,,varchar2(4000), (ABS Field Type Avaloq DDIC Text)
ABS,LDM,Investment Policy Statement,Model Edit Date,,,date, (ABS Field Type Avaloq DDIC Date)
ABS,LDM,Investment Policy Statement,Last Model Edit Order,,,pls_integer or number, (ABS Field Type Avaloq DDIC Number)
ABS,LDM,Investment Policy Statement,IPS Mandate,,,, (ABS Field Type Avaloq Structured Addition)
ABS,LDM,Investment Policy Statement,Investible universe (AAL),,,, (ABS Field Type LDM Object)
ABS,LDM,Investment Policy Statement,Minimum Yield,,,pls_integer or number, (ABS Field Type Avaloq DDIC Number)
ABS,LDM,Investment Policy Statement,Minimum number of assets,,,pls_integer or number, (ABS Field Type Avaloq DDIC Number)
ABS,LDM,Investment Policy Statement,Maximum number of assets,,,pls_integer or number, (ABS Field Type Avaloq DDIC Number)
ABS,LDM,Investment Policy Statement,Minimum asset absolute position,,,pls_integer or number, (ABS Field Type Avaloq DDIC Number)
ABS,LDM,Investment Policy Statement,Maximum asset absolute position,,,pls_integer or number, (ABS Field Type Avaloq DDIC Number)
ABS,LDM,Investment Policy Statement,Minimum market capitalisation,,,pls_integer or number, (ABS Field Type Avaloq DDIC Number)
ABS,LDM,Investment Policy Statement,Maximum Beta,,,pls_integer or number, (ABS Field Type Avaloq DDIC Number)
ABS,LDM,Investment Policy Statement,Maximum expected turnover,,,pls_integer or number, (ABS Field Type Avaloq DDIC Number)
ABS,LDM,Investment Policy Statement,Minimum tracking error,,,pls_integer or number, (ABS Field Type Avaloq DDIC Number)
ABS,LDM,Investment Policy Statement,Mximum tracking error,,,pls_integer or number, (ABS Field Type Avaloq DDIC Number)
ABS,LDM,Investment Policy Statement,Minimum asset weight at inception,,,pls_integer or number, (ABS Field Type Avaloq DDIC Number)
ABS,LDM,Investment Policy Statement,IPS Character,,,, (ABS Field Type Avaloq Structured Addition)
ABS,LDM,Investment Policy Statement,First Investment Date,,,date, (ABS Field Type Avaloq DDIC Date)
ABS,LDM,Investment Policy Statement,Approval Date,,,date, (ABS Field Type Avaloq DDIC Date)
ABS,LDM,Investment Policy Statement,Investment Objective,,,varchar2(4000), (ABS Field Type Avaloq DDIC Text)
ABS,LDM,Investment Policy Statement,Investment Strategy,,,varchar2(4000), (ABS Field Type Avaloq DDIC Text)
ABS,LDM,Investment Policy Statement,Minimum Investment Horizon,,,varchar2(4000), (ABS Field Type Avaloq DDIC Text)
ABS,LDM,Investment Policy Statement,Traget Clients,,,varchar2(4000), (ABS Field Type Avaloq DDIC Text)
ABS,LDM,Investment Policy Statement,Tax Considerations,,,varchar2(4000), (ABS Field Type Avaloq DDIC Text)
ABS,LDM,Investment Policy Statement,TAA Asset Class ID,,,varchar2(2000), (ABS Field Type Avaloq Class)
ABS,LDM,Investment Policy Statement,TAA Asset Class Name,,,varchar2(4000), (ABS Field Type Avaloq DDIC Text)
ABS,LDM,Investment Policy Statement,Minimum Weight,,,pls_integer or number, (ABS Field Type Avaloq DDIC Number)
ABS,LDM,Investment Policy Statement,Maximum Weight,,,pls_integer or number, (ABS Field Type Avaloq DDIC Number)
ABS,LDM,Investment Policy Statement,Neutral Position,,,pls_integer or number, (ABS Field Type Avaloq DDIC Number)
ABS,LDM,Investment Policy Statement,Investment Policy Statement Name,,,varchar2(4000), (ABS Field Type Avaloq DDIC Text)
ABS,LDM,Asset Allocation,Asset Allocation ID,,,, (ABS Field Type LDM Object)
ABS,LDM,Asset Allocation,Asset Allocation Name,,,varchar2(4000), (ABS Field Type Avaloq DDIC Text)
ABS,LDM,Asset Allocation,AA Type ID,,,,Asset Allocation Type (ABS Field Type Avaloq Code Table)
ABS,LDM,Asset Allocation,Group By Name,,,varchar2(4000), (ABS Field Type Avaloq DDIC Text)
ABS,LDM,Asset Allocation,Business Unit,,,,Business Unit (ABS Field Type LDM Object)
ABS,LDM,Asset Allocation,Group By ID,,,, (ABS Field Type Avaloq Code Table)
ABS,LDM,Asset Allocation,AA Type Name,,,varchar2(4000), (ABS Field Type Avaloq DDIC Text)
ABS,LDM,Strategic Asset Allocation,External Hobs Reference ID,,,,Hobs owner (ABS Field Type LDM Object)
ABS,LDM,Strategic Asset Allocation,Time Series Model Portfolio 1,,,,Market Value from (ABS Field Type LDM Object)
ABS,LDM,Strategic Asset Allocation,Default Benchmark ID,,,,Default Benchmark (ABS Field Type Avaloq Code Table)
ABS,LDM,Strategic Asset Allocation,Group By ID,,,, (ABS Field Type Avaloq Code Table)
ABS,LDM,Strategic Asset Allocation,Group By Name,,,varchar2(4000), (ABS Field Type Avaloq DDIC Text)
ABS,LDM,Strategic Asset Allocation,Node Weight Type ID,,,, (ABS Field Type Avaloq Code Table)
ABS,LDM,Strategic Asset Allocation,Node Weight Type Name,,,varchar2(4000), (ABS Field Type Avaloq DDIC Text)
ABS,LDM,Strategic Asset Allocation,Time Series Name,,,,Name (ABS Field Type LDM Object)
ABS,LDM,Strategic Asset Allocation,Time Series Valid From,,,date,valid from date (ABS Field Type Avaloq DDIC Date)
ABS,LDM,Strategic Asset Allocation,Time Series Reference Currency ID,,,,Reference Currency (ABS Field Type LDM Object)
ABS,LDM,Strategic Asset Allocation,Time Series Minimum Weight,,,pls_integer or number,Minimum Weight in % (ABS Field Type Avaloq DDIC Number)
ABS,LDM,Strategic Asset Allocation,Time Series Option Weight,,,pls_integer or number,Optimum Weight in % (ABS Field Type Avaloq DDIC Number)
ABS,LDM,Strategic Asset Allocation,Time Series Maximum Weight,,,pls_integer or number,Maximum Weight in % (ABS Field Type Avaloq DDIC Number)
ABS,LDM,Strategic Asset Allocation,Time Series Market Value From,,,pls_integer or number,Market Value from (ABS Field Type Avaloq DDIC Number)
ABS,LDM,Strategic Asset Allocation,Original Hobs Owner ID,,,,Original Hobs owner (ABS Field Type LDM Object)
ABS,LDM,Strategic Asset Allocation,Hobs Parent ID,,,,Parent HOBS (ABS Field Type LDM Object)
ABS,LDM,Strategic Asset Allocation,Hobs Name,,,varchar2(4000),Name (ABS Field Type Avaloq DDIC Text)
ABS,LDM,Strategic Asset Allocation,Hobs Class ID,,,varchar2(2000),"class_id of single class (hist, nohist) per today (optimized) (ABS Field Type Avaloq Class)"
ABS,LDM,Strategic Asset Allocation,Valid From,,,date,Start date (ABS Field Type Avaloq DDIC Date)
ABS,LDM,Strategic Asset Allocation,Hobs Class Name,,,varchar2(4000), (ABS Field Type Avaloq DDIC Text)
ABS,LDM,Strategic Asset Allocation,Hobs Filter ID,,,,HOBS filter type ID (ABS Field Type Avaloq Code Table)
ABS,LDM,Strategic Asset Allocation,Hobs Filter Name,,,varchar2(4000), (ABS Field Type Avaloq DDIC Text)
ABS,LDM,Hobs,Hobs ID,,,, (ABS Field Type LDM Object)
ABS,LDM,Hobs,Hobs Name,,,varchar2(4000), (ABS Field Type Avaloq DDIC Text)
ABS,LDM,Hobs,Time Series Reference Currency Name,,,varchar2(4000),Name (ABS Field Type Avaloq DDIC Text)
ABS,LDM,Hobs,Time Series Valid From,,,date,Valid from date (ABS Field Type Avaloq DDIC Date)
ABS,LDM,Hobs,Time Series Reference Currency ID,,,,Default Listing Currency (ABS Field Type LDM Object)
ABS,LDM,Hobs,Time Series Name,,,varchar2(4000),Name (ABS Field Type Avaloq DDIC Text)
ABS,LDM,Benchmark,Benchmark ID,,,, (ABS Field Type LDM Object)
ABS,LDM,Benchmark,Benchmark Name,,,varchar2(4000), (ABS Field Type Avaloq DDIC Text)
ABS,LDM,Benchmark,External Hobs Reference ID,,,,Hobs owner (ABS Field Type LDM Object)
ABS,LDM,Benchmark,Original Hobs Owner ID,,,,Orignal Hobs owner (ABS Field Type LDM Object)
ABS,LDM,Benchmark,Time Series Name,,,,Name (ABS Field Type LDM Object)
ABS,LDM,Benchmark,Benchmark Key,,,varchar2(4000),avaloq standard key. (ABS Field Type Avaloq DDIC Text)
ABS,LDM,Benchmark,Time Series Reference Currency ID,,,,Reference Currency (ABS Field Type LDM Object)
ABS,LDM,Benchmark,Time Series Weight Start of Period,,,pls_integer or number,Weight Start of Period (ABS Field Type Avaloq DDIC Number)
ABS,LDM,Benchmark,Time Series Measure,,,,Measure Object (ABS Field Type LDM Object)
ABS,LDM,Benchmark,Time Series Measure,,,,Name (ABS Field Type LDM Object)
ABS,LDM,Benchmark,Time Series Valid From,,,date,valid from date (ABS Field Type Avaloq DDIC Date)
ABS,LDM,Model Portfolio,Model Portfolio,,,, (ABS Field Type LDM Object)
ABS,LDM,Model Portfolio,Model Portfolio Name,,,varchar2(4000), (ABS Field Type Avaloq DDIC Text)
ABS,LDM,Model Portfolio,Model Portfolio Type Name,,,varchar2(4000), (ABS Field Type Avaloq DDIC Text)
ABS,LDM,Model Portfolio,Model Portfolio Type ID,,,,Model Portfolio Type (ABS Field Type Avaloq Code Table)
ABS,LDM,Model Portfolio,Business Unit,,,,Business Unit (ABS Field Type LDM Object)
ABS,LDM,Product,Product,,,, (ABS Field Type LDM Object)
ABS,LDM,Product,Tariff Offset Max,,,pls_integer or number, (ABS Field Type Avaloq DDIC Number)
ABS,LDM,Product,Product Level ID,,,varchar2(2000), (ABS Field Type Avaloq Class)
ABS,LDM,Product,Product Level Name,,,varchar2(4000), (ABS Field Type Avaloq DDIC Text)
ABS,LDM,Product,Parent Product,,,, (ABS Field Type LDM Object)
ABS,LDM,Product,Is Direct,,,varchar2(2000), (ABS Field Type Avaloq Class)
ABS,LDM,Product,Is Direct Name,,,varchar2(4000), (ABS Field Type Avaloq DDIC Text)
ABS,LDM,Product,Product Short Name,,,varchar2(4000),Avaloq standard key. (ABS Field Type Avaloq DDIC Text)
ABS,LDM,Product,Product Numeric Key,,,varchar2(4000),Avaloq standard key. Numeric key on the Product. (ABS Field Type Avaloq DDIC Text)
ABS,LDM,Product,Product Numeric Key Auto,,,varchar2(1) or boolean,Avaloq standard key. Numeric key on the Product. (ABS Field Type Avaloq DDIC Boolean)
ABS,LDM,Product,Relation Type,,,, (ABS Field Type Avaloq Code Table)
ABS,LDM,Product,Product Related Object,,,, (ABS Field Type LDM Object)
ABS,LDM,Product,Drawndown Currency,,,, (ABS Field Type LDM Object)
ABS,LDM,Product,Minimum Cash Amount,,,pls_integer or number, (ABS Field Type Avaloq DDIC Number)
ABS,LDM,Product,Drawdown Trigger Amount,,,pls_integer or number, (ABS Field Type Avaloq DDIC Number)
ABS,LDM,Product,Product Is Active,,,varchar2(1) or boolean, (ABS Field Type Avaloq DDIC Boolean)
ABS,LDM,Product,Has license advice fee,,,varchar2(1) or boolean, (ABS Field Type Avaloq DDIC Boolean)
ABS,LDM,Product,Has platform administartion fee,,,varchar2(1) or boolean, (ABS Field Type Avaloq DDIC Boolean)
ABS,LDM,Product,Fee Caps,,,, (ABS Field Type Avaloq Structured Addition)
ABS,LDM,Product,Fee Caps Detail,,,, (ABS Field Type Avaloq Structured Addition)
ABS,LDM,Product,Fee Book kind,,,, (ABS Field Type Avaloq Code Table)
ABS,LDM,Product,Fee Date from,,,date, (ABS Field Type Avaloq DDIC Date)
ABS,LDM,Product,Fee Date to,,,date, (ABS Field Type Avaloq DDIC Date)
ABS,LDM,Product,Fee Cap Factor,,,pls_integer or number, (ABS Field Type Avaloq DDIC Number)
ABS,LDM,Product,Fee Minimum Cap,,,pls_integer or number, (ABS Field Type Avaloq DDIC Number)
ABS,LDM,Product,Fee Maximum Cap,,,pls_integer or number, (ABS Field Type Avaloq DDIC Number)
ABS,LDM,Product,Fee Offset Cap,,,pls_integer or number, (ABS Field Type Avaloq DDIC Number)
ABS,LDM,Product,Tariff Factor Max,,,pls_integer or number, (ABS Field Type Avaloq DDIC Number)
ABS,LDM,Product,Product Name,,,varchar2(4000), (ABS Field Type Avaloq DDIC Text)
ABS,LDM,Platform Offering,Product Level Name,,,varchar2(4000), (ABS Field Type Avaloq DDIC Text)
ABS,LDM,Platform Offering,Product Level ID,,,varchar2(2000), (ABS Field Type Avaloq Class)
ABS,LDM,Product Category,Product Level Name,,,varchar2(4000), (ABS Field Type Avaloq DDIC Text)
ABS,LDM,Product Category,Product Level ID,,,varchar2(2000), (ABS Field Type Avaloq Class)
ABS,LDM,Private Label,Product Level Name,,,varchar2(4000), (ABS Field Type Avaloq DDIC Text)
ABS,LDM,Private Label,Product Level ID,,,varchar2(2000), (ABS Field Type Avaloq Class)
ABS,LDM,Badge,Product Level ID,,,varchar2(2000), (ABS Field Type Avaloq Class)
ABS,LDM,Badge,Product Badge CPC,,,varchar2(4000),Canonical Product Code (ABS Field Type Avaloq DDIC Text)
ABS,LDM,Badge,Product Level Name,,,varchar2(4000), (ABS Field Type Avaloq DDIC Text)
ABS,LDM,Cash & Direct Offer,Product Level ID,,,varchar2(2000), (ABS Field Type Avaloq Class)
ABS,LDM,Cash & Direct Offer,Is Direct Name,,,varchar2(4000), (ABS Field Type Avaloq DDIC Text)
ABS,LDM,Cash & Direct Offer,Is Direct,,,varchar2(2000), (ABS Field Type Avaloq Class)
ABS,LDM,Cash & Direct Offer,Product Level Name,,,varchar2(4000), (ABS Field Type Avaloq DDIC Text)
ABS,LDM,Cash & Direct Model,Product Level ID,,,varchar2(2000), (ABS Field Type Avaloq Class)
ABS,LDM,Cash & Direct Model,Product Level Name,,,varchar2(4000), (ABS Field Type Avaloq DDIC Text)
ABS,LDM,MP Labelled Model,Managed Portfolio Asset Name,,,varchar2(4000),Name (ABS Field Type Avaloq DDIC Text)
ABS,LDM,MP Labelled Model,Managed Portfolio Asset ID,,,, (ABS Field Type LDM Object)
ABS,LDM,Position,Position,,,, (ABS Field Type LDM Object)
ABS,LDM,Position,Position Type Name,,,varchar2(4000), (ABS Field Type Avaloq DDIC Text)
ABS,LDM,Position,Position Type ID,,,,Object sub-type (ABS Field Type Avaloq Code Table)
ABS,LDM,Position,Position Name,,,varchar2(4000), (ABS Field Type Avaloq DDIC Text)
